99 , 43 , 27.50 , 0 , 0 
98 , 43 , 27.50 , 0 , 0 
98 , 43 , 27.50 , 0 , 0 
99 , 44 , 27.50 , 0 , 0 
98 , 43 , 27.50 , 0 , 0 
98 , 43 , 27.50 , 0 , 0 
99 , 44 , 27.50 , 0 , 0 
98 , 43 , 27.50 , 0 , 0 
98 , 43 , 27.50 , 0 , 0 
99 , 43 , 27.50 , 0 , 0 
99 , 43 , 27.50 , 0 , 0 
100 , 44 , 27.50 , 0 , 0 
99 , 43 , 27.50 , 0 , 0 
100 , 43 , 27.50 , 0 , 0 
100 , 44 , 27.50 , 0 , 0 
100 , 43 , 27.50 , 0 , 0 
99 , 43 , 27.50 , 0 , 0 
100 , 44 , 27.50 , 0 , 0 
100 , 44 , 27.50 , 0 , 0 
100 , 44 , 27.50 , 0 , 0 
100 , 43 , 27.50 , 0 , 0 
100 , 43 , 27.50 , 0 , 0 
100 , 43 , 27.50 , 0 , 0 
99 , 43 , 27.50 , 0 , 0 
100 , 43 , 27.50 , 0 , 0 
100 , 43 , 27.50 , 0 , 0 
100 , 44 , 27.50 , 0 , 0 
100 , 43 , 27.50 , 0 , 0 
100 , 44 , 27.50 , 0 , 0 
100 , 43 , 27.50 , 0 , 0 
100 , 43 , 27.50 , 0 , 0 
100 , 44 , 27.50 , 0 , 0 
100 , 44 , 27.50 , 0 , 0 
100 , 44 , 27.50 , 0 , 0 
100 , 44 , 27.50 , 0 , 0 
100 , 43 , 27.50 , 0 , 0 
99 , 43 , 27.50 , 0 , 0 
100 , 44 , 27.50 , 0 , 0 
100 , 44 , 27.50 , 0 , 0 
99 , 43 , 27.50 , 0 , 0 
100 , 43 , 27.50 , 0 , 0 
100 , 43 , 27.50 , 0 , 0 
99 , 44 , 27.50 , 0 , 0 
100 , 44 , 27.50 , 0 , 0 
100 , 43 , 27.50 , 0 , 0 
100 , 43 , 27.50 , 0 , 0 
99 , 44 , 27.50 , 0 , 0 
100 , 44 , 27.50 , 0 , 0 
100 , 43 , 27.50 , 0 , 0 
100 , 43 , 27.50 , 0 , 0 
99 , 43 , 27.50 , 0 , 0 
100 , 43 , 27.50 , 0 , 0 
100 , 44 , 27.50 , 0 , 0 
100 , 43 , 27.50 , 0 , 0 
100 , 43 , 27.50 , 0 , 0 
100 , 43 , 27.50 , 0 , 0 
100 , 43 , 27.50 , 0 , 0 
100 , 43 , 27.50 , 0 , 0 
99 , 44 , 27.50 , 0 , 0 
100 , 43 , 27.50 , 0 , 0 
99 , 43 , 27.50 , 0 , 0 
100 , 44 , 27.50 , 0 , 0 
100 , 44 , 27.50 , 0 , 0 
99 , 44 , 27.50 , 0 , 0 
100 , 43 , 27.50 , 0 , 0 
100 , 43 , 27.50 , 0 , 0 
100 , 44 , 27.50 , 0 , 0 
100 , 43 , 27.50 , 0 , 0 
100 , 43 , 27.50 , 0 , 0 
100 , 43 , 27.50 , 0 , 0 
99 , 43 , 27.50 , 0 , 0 
100 , 43 , 27.50 , 0 , 0 
100 , 43 , 27.50 , 0 , 0 
100 , 42 , 27.50 , 0 , 0 
100 , 43 , 27.50 , 0 , 0 
99 , 42 , 27.50 , 0 , 0 
100 , 42 , 27.50 , 0 , 0 
100 , 42 , 27.50 , 0 , 0 
100 , 44 , 27.50 , 0 , 0 
100 , 42 , 27.50 , 0 , 0 
99 , 42 , 27.50 , 0 , 0 
100 , 43 , 27.50 , 0 , 0 
100 , 44 , 27.50 , 0 , 0 
99 , 42 , 27.50 , 0 , 0 
100 , 44 , 27.50 , 0 , 0 
100 , 43 , 27.50 , 0 , 0 
100 , 43 , 27.50 , 0 , 0 
99 , 43 , 27.50 , 0 , 0 
100 , 43 , 27.50 , 0 , 0 
100 , 43 , 27.50 , 0 , 0 
99 , 43 , 27.50 , 0 , 0 
100 , 44 , 27.50 , 0 , 0 
100 , 43 , 27.50 , 0 , 0 
100 , 43 , 27.50 , 0 , 0 
100 , 43 , 27.50 , 0 , 0 
99 , 43 , 27.50 , 0 , 0 
100 , 44 , 27.50 , 0 , 0 
100 , 43 , 27.50 , 0 , 0 
100 , 43 , 27.50 , 0 , 0 
100 , 43 , 27.50 , 0 , 0 
99 , 42 , 27.50 , 0 , 0 
100 , 43 , 27.50 , 0 , 0 
99 , 43 , 27.50 , 0 , 0 
100 , 43 , 27.50 , 0 , 0 
100 , 43 , 27.50 , 0 , 0 
99 , 43 , 27.50 , 0 , 0 
100 , 43 , 27.50 , 0 , 0 
100 , 43 , 27.50 , 0 , 0 
100 , 43 , 27.50 , 0 , 0 
100 , 43 , 27.50 , 0 , 0 
99 , 43 , 27.50 , 0 , 0 
99 , 43 , 27.50 , 0 , 0 
100 , 43 , 27.50 , 0 , 0 
99 , 44 , 27.50 , 0 , 0 
100 , 43 , 27.50 , 0 , 0 
100 , 43 , 27.50 , 0 , 0 
100 , 42 , 27.50 , 0 , 0 
100 , 43 , 27.50 , 0 , 0 
100 , 43 , 27.50 , 0 , 0 
100 , 44 , 27.50 , 0 , 0 
100 , 42 , 27.50 , 0 , 0 
100 , 43 , 27.50 , 0 , 0 
100 , 44 , 27.50 , 0 , 0 
100 , 42 , 27.50 , 0 , 0 
99 , 43 , 27.50 , 0 , 0 
99 , 42 , 27.50 , 0 , 0 
99 , 43 , 27.50 , 0 , 0 
100 , 42 , 27.50 , 0 , 0 
100 , 44 , 27.50 , 0 , 8
100 , 43 , 27.50 , 0 , 0 
100 , 43 , 27.50 , 0 , 9
100 , 42 , 27.50 , 0 , 0 
99 , 43 , 27.50 , 0 , 0 
100 , 43 , 27.50 , 0 , 10
100 , 43 , 27.50 , 0 , 0 
100 , 42 , 27.50 , 0 , 0 
100 , 44 , 27.50 , 0 , 0 
100 , 43 , 27.50 , 0 , 0 
100 , 43 , 27.50 , 0 , 0 
100 , 44 , 27.50 , 0 , 0 
99 , 43 , 27.50 , 0 , 0 
100 , 43 , 27.50 , 0 , 0 
99 , 42 , 27.50 , 0 , 0 
100 , 43 , 27.50 , 0 , 0 
100 , 44 , 27.50 , 0 , 0 
100 , 43 , 27.50 , 0 , 0 
99 , 43 , 27.50 , 0 , 0 
100 , 43 , 27.50 , 0 , 0 
100 , 42 , 27.50 , 0 , 0 
100 , 43 , 27.50 , 0 , 0 
100 , 43 , 27.50 , 0 , 0 
100 , 44 , 27.50 , 0 , 0 
100 , 43 , 27.50 , 0 , 11
100 , 42 , 27.50 , 0 , 0 
100 , 43 , 27.50 , 0 , 0 
100 , 43 , 27.50 , 0 , 0 
100 , 43 , 27.50 , 0 , 0 
100 , 43 , 27.50 , 0 , 0 
99 , 43 , 27.50 , 0 , 0 
100 , 44 , 27.50 , 0 , 0 
100 , 42 , 27.50 , 0 , 0 
100 , 43 , 27.50 , 0 , 0 
100 , 43 , 27.50 , 0 , 0 
100 , 43 , 27.50 , 0 , 0 
100 , 43 , 27.50 , 0 , 0 
100 , 43 , 27.50 , 0 , 0 
99 , 43 , 27.50 , 0 , 0 
100 , 43 , 27.50 , 0 , 0 
99 , 43 , 27.50 , 0 , 0 
98 , 43 , 27.50 , 0 , 0 
99 , 43 , 27.50 , 0 , 0 
99 , 44 , 27.50 , 0 , 0 
99 , 43 , 27.50 , 0 , 0 
98 , 44 , 27.50 , 0 , 0 
100 , 43 , 27.50 , 0 , 0 
100 , 42 , 27.50 , 0 , 0 
100 , 43 , 27.50 , 0 , 0 
100 , 43 , 27.50 , 0 , 0 
100 , 43 , 27.50 , 0 , 12
100 , 43 , 27.50 , 0 , 0 
100 , 43 , 27.50 , 0 , 0 
100 , 44 , 27.50 , 0 , 0 
100 , 44 , 27.50 , 0 , 0 
100 , 44 , 27.50 , 0 , 0 
100 , 43 , 27.50 , 0 , 0 
100 , 45 , 27.50 , 0 , 0 
100 , 43 , 27.50 , 0 , 0 
100 , 42 , 27.50 , 0 , 0 
100 , 43 , 27.50 , 0 , 0 
100 , 43 , 27.50 , 0 , 0 
99 , 43 , 27.50 , 0 , 0 
100 , 44 , 27.50 , 0 , 0 
100 , 44 , 27.50 , 0 , 0 
100 , 43 , 27.50 , 0 , 0 
100 , 43 , 27.50 , 0 , 0 
100 , 44 , 27.50 , 0 , 0 
100 , 44 , 27.50 , 0 , 0 
100 , 43 , 27.50 , 0 , 0 
100 , 43 , 27.50 , 0 , 0 
100 , 43 , 27.50 , 0 , 0 
100 , 43 , 27.50 , 0 , 0 
100 , 43 , 27.50 , 0 , 0 
100 , 43 , 27.50 , 0 , 0 
100 , 43 , 27.50 , 0 , 0 
100 , 43 , 27.50 , 0 , 0 
100 , 44 , 27.50 , 0 , 0 
99 , 43 , 27.50 , 0 , 0 
100 , 43 , 27.50 , 0 , 0 
100 , 43 , 27.50 , 0 , 0 
99 , 43 , 27.50 , 0 , 0 
100 , 43 , 27.50 , 0 , 0 
100 , 43 , 27.50 , 0 , 0 
99 , 43 , 27.50 , 0 , 0 
100 , 44 , 27.50 , 0 , 0 
100 , 43 , 27.50 , 0 , 0 
99 , 43 , 27.50 , 0 , 0 
100 , 43 , 27.50 , 0 , 0 
100 , 43 , 27.50 , 0 , 0 
100 , 43 , 27.50 , 0 , 0 
100 , 43 , 27.50 , 0 , 0 
99 , 44 , 27.50 , 0 , 0 
100 , 44 , 27.50 , 0 , 0 
100 , 42 , 27.50 , 0 , 0 
100 , 42 , 27.50 , 0 , 0 
100 , 44 , 27.50 , 0 , 0 
100 , 43 , 27.50 , 0 , 0 
100 , 43 , 27.50 , 0 , 0 
100 , 43 , 27.50 , 0 , 0 
99 , 43 , 27.50 , 0 , 0 
100 , 43 , 27.50 , 0 , 0 
100 , 44 , 27.50 , 0 , 0 
99 , 43 , 27.50 , 0 , 0 
100 , 43 , 27.50 , 0 , 0 
100 , 43 , 27.50 , 0 , 0 
100 , 43 , 27.50 , 0 , 0 
100 , 43 , 27.50 , 0 , 0 
100 , 43 , 27.50 , 0 , 0 
100 , 44 , 27.50 , 0 , 0 
99 , 43 , 27.50 , 0 , 0 
100 , 42 , 27.50 , 0 , 0 
100 , 44 , 27.50 , 0 , 0 
100 , 42 , 27.50 , 0 , 0 
100 , 43 , 27.50 , 0 , 0 
100 , 43 , 27.50 , 0 , 0 
99 , 44 , 27.50 , 0 , 0 
100 , 43 , 27.50 , 0 , 0 
99 , 43 , 27.50 , 0 , 0 
99 , 43 , 27.50 , 0 , 0 
100 , 44 , 27.50 , 0 , 0 
100 , 43 , 27.50 , 0 , 0 
99 , 44 , 27.50 , 0 , 0 
100 , 43 , 27.50 , 0 , 0 
100 , 42 , 27.50 , 0 , 0 
100 , 43 , 27.50 , 0 , 0 
100 , 43 , 27.50 , 0 , 0 
100 , 43 , 27.50 , 0 , 0 
100 , 43 , 27.50 , 0 , 0 
100 , 43 , 27.50 , 0 , 0 
100 , 43 , 27.50 , 0 , 0 
100 , 43 , 27.50 , 0 , 0 
100 , 43 , 27.50 , 0 , 0 
100 , 43 , 27.50 , 0 , 0 
100 , 42 , 27.50 , 0 , 0 
100 , 43 , 27.50 , 0 , 0 
100 , 44 , 27.50 , 0 , 0 
99 , 43 , 27.50 , 0 , 0 
100 , 43 , 27.50 , 0 , 0 
100 , 43 , 27.50 , 0 , 0 
100 , 43 , 27.50 , 0 , 0 
100 , 43 , 27.50 , 0 , 0 
100 , 43 , 27.50 , 0 , 0 
99 , 44 , 27.50 , 0 , 0 
100 , 43 , 27.50 , 0 , 0 
100 , 42 , 27.50 , 0 , 0 
100 , 43 , 27.50 , 0 , 0 
100 , 43 , 27.50 , 0 , 0 
100 , 44 , 27.50 , 0 , 0 
99 , 44 , 27.50 , 0 , 0 
100 , 43 , 27.50 , 0 , 0 
100 , 43 , 27.50 , 0 , 0 
100 , 43 , 27.50 , 0 , 0 
100 , 43 , 27.50 , 0 , 0 
99 , 43 , 27.50 , 0 , 0 
100 , 43 , 27.50 , 0 , 0 
99 , 43 , 27.50 , 0 , 0 
100 , 43 , 27.50 , 0 , 0 
100 , 44 , 27.50 , 0 , 0 
100 , 44 , 27.50 , 0 , 0 
100 , 44 , 27.50 , 0 , 0 
100 , 43 , 27.50 , 0 , 0 
100 , 43 , 27.50 , 0 , 0 
100 , 42 , 27.50 , 0 , 0 
100 , 43 , 27.50 , 0 , 0 
100 , 44 , 27.50 , 0 , 0 
99 , 43 , 27.50 , 0 , 0 
99 , 43 , 27.50 , 0 , 0 
100 , 44 , 27.50 , 0 , 0 
100 , 43 , 27.50 , 0 , 0 
100 , 43 , 27.50 , 0 , 0 
100 , 43 , 27.50 , 0 , 0 
100 , 43 , 27.50 , 0 , 0 
100 , 44 , 27.50 , 0 , 0 
100 , 43 , 27.50 , 0 , 0 
100 , 43 , 27.50 , 0 , 0 
100 , 44 , 27.50 , 0 , 0 
100 , 43 , 27.50 , 0 , 0 
100 , 43 , 27.50 , 0 , 0 
100 , 43 , 27.50 , 0 , 0 
100 , 43 , 27.50 , 0 , 0 
100 , 43 , 27.50 , 0 , 0 
100 , 43 , 27.50 , 0 , 0 
100 , 44 , 27.50 , 0 , 0 
100 , 42 , 27.50 , 0 , 0 
100 , 44 , 27.50 , 0 , 0 
99 , 43 , 27.50 , 0 , 0 
100 , 43 , 27.50 , 0 , 0 
100 , 43 , 27.50 , 0 , 0 
100 , 43 , 27.50 , 0 , 0 
100 , 43 , 27.50 , 0 , 0 
99 , 44 , 27.50 , 0 , 0 
100 , 42 , 27.50 , 0 , 0 
100 , 44 , 27.50 , 0 , 0 
100 , 42 , 27.50 , 0 , 0 
100 , 43 , 27.50 , 0 , 0 
99 , 43 , 27.50 , 0 , 0 
100 , 43 , 27.50 , 0 , 0 
100 , 43 , 27.50 , 0 , 0 
100 , 43 , 27.50 , 0 , 0 
100 , 43 , 27.50 , 0 , 0 
99 , 43 , 27.50 , 0 , 0 
99 , 43 , 27.50 , 0 , 0 
99 , 44 , 27.50 , 0 , 0 
100 , 43 , 27.50 , 0 , 0 
99 , 43 , 27.50 , 0 , 0 
99 , 43 , 27.50 , 0 , 0 
99 , 43 , 27.50 , 0 , 0 
100 , 43 , 27.50 , 0 , 0 
99 , 43 , 27.50 , 0 , 0 
100 , 44 , 27.50 , 0 , 0 
100 , 44 , 27.50 , 0 , 0 
100 , 43 , 27.50 , 0 , 0 
100 , 43 , 27.50 , 0 , 0 
100 , 43 , 27.50 , 0 , 0 
100 , 43 , 27.50 , 0 , 0 
100 , 43 , 27.50 , 0 , 0 
100 , 43 , 27.50 , 0 , 0 
100 , 43 , 27.50 , 0 , 0 
100 , 43 , 27.50 , 0 , 0 
100 , 43 , 27.50 , 0 , 0 
100 , 44 , 27.50 , 0 , 0 
100 , 43 , 27.50 , 0 , 0 
100 , 43 , 27.50 , 0 , 0 
99 , 43 , 27.50 , 0 , 0 
100 , 44 , 27.50 , 0 , 0 
100 , 43 , 27.50 , 0 , 0 
99 , 44 , 27.50 , 0 , 0 
100 , 44 , 27.50 , 0 , 0 
100 , 44 , 27.50 , 0 , 0 
100 , 44 , 27.50 , 0 , 0 
100 , 43 , 27.50 , 0 , 0 
100 , 43 , 27.50 , 0 , 0 
100 , 43 , 27.50 , 0 , 0 
100 , 44 , 27.50 , 0 , 0 
100 , 43 , 27.50 , 0 , 0 
99 , 43 , 27.50 , 0 , 0 
100 , 43 , 27.50 , 0 , 0 
100 , 44 , 27.50 , 0 , 0 
100 , 44 , 27.50 , 0 , 0 
100 , 44 , 27.50 , 0 , 0 
100 , 44 , 27.50 , 0 , 0 
100 , 43 , 27.50 , 0 , 0 
99 , 43 , 27.50 , 0 , 13
100 , 44 , 27.50 , 0 , 0 
100 , 44 , 27.50 , 0 , 0 
100 , 44 , 27.50 , 0 , 0 
100 , 44 , 27.50 , 0 , 0 
99 , 43 , 27.50 , 0 , 0 
100 , 43 , 27.50 , 0 , 0 
100 , 43 , 27.50 , 0 , 0 
99 , 43 , 27.50 , 0 , 0 
100 , 43 , 27.50 , 0 , 0 
100 , 43 , 27.50 , 0 , 0 
100 , 43 , 27.50 , 0 , 0 
100 , 44 , 27.50 , 0 , 0 
100 , 43 , 27.50 , 0 , 0 
100 , 43 , 27.50 , 0 , 0 
100 , 43 , 27.50 , 0 , 0 
100 , 43 , 27.50 , 0 , 0 
99 , 44 , 27.50 , 0 , 0 
100 , 44 , 27.50 , 0 , 0 
100 , 43 , 27.50 , 0 , 0 
99 , 43 , 27.50 , 0 , 0 
100 , 44 , 27.50 , 0 , 0 
100 , 43 , 27.50 , 0 , 0 
99 , 42 , 27.50 , 0 , 0 
100 , 44 , 27.50 , 0 , 0 
100 , 43 , 27.50 , 0 , 0 
100 , 43 , 27.50 , 0 , 0 
100 , 44 , 27.50 , 0 , 0 
99 , 43 , 27.50 , 0 , 0 
100 , 43 , 27.50 , 0 , 0 
100 , 43 , 27.50 , 0 , 0 
100 , 43 , 27.50 , 0 , 0 
100 , 43 , 27.50 , 0 , 0 
99 , 44 , 27.50 , 0 , 0 
100 , 44 , 27.50 , 0 , 0 
100 , 44 , 27.50 , 0 , 0 
99 , 44 , 27.50 , 0 , 0 
100 , 43 , 27.50 , 0 , 0 
100 , 43 , 27.50 , 0 , 0 
100 , 43 , 27.50 , 0 , 0 
100 , 43 , 27.50 , 0 , 0 
100 , 44 , 27.50 , 0 , 0 
100 , 43 , 27.50 , 0 , 0 
100 , 44 , 27.50 , 0 , 0 
100 , 44 , 27.50 , 0 , 0 
100 , 43 , 27.50 , 0 , 0 
99 , 45 , 27.50 , 0 , 0 
100 , 44 , 27.50 , 0 , 0 
100 , 44 , 27.50 , 0 , 0 
100 , 43 , 27.50 , 0 , 0 
100 , 44 , 27.50 , 0 , 0 
100 , 44 , 27.50 , 0 , 0 
100 , 44 , 27.50 , 0 , 0 
99 , 44 , 27.50 , 0 , 0 
100 , 44 , 27.50 , 0 , 0 
100 , 43 , 27.50 , 0 , 0 
100 , 44 , 27.50 , 0 , 0 
100 , 44 , 27.50 , 0 , 0 
100 , 44 , 27.50 , 0 , 0 
100 , 44 , 27.50 , 0 , 14
100 , 43 , 27.50 , 0 , 0 
100 , 43 , 27.50 , 0 , 0 
100 , 44 , 27.50 , 0 , 0 
100 , 43 , 27.50 , 0 , 0 
100 , 43 , 27.50 , 0 , 0 
100 , 44 , 27.50 , 0 , 0 
99 , 43 , 27.50 , 0 , 0 
100 , 43 , 27.50 , 0 , 0 
100 , 43 , 27.50 , 0 , 0 
100 , 44 , 27.50 , 0 , 0 
99 , 45 , 27.50 , 0 , 0 
100 , 43 , 27.50 , 0 , 0 
100 , 44 , 27.50 , 0 , 0 
100 , 44 , 27.50 , 0 , 0 
100 , 43 , 27.50 , 0 , 0 
100 , 44 , 27.50 , 0 , 0 
100 , 43 , 27.50 , 0 , 0 
100 , 44 , 27.50 , 0 , 0 
100 , 43 , 27.50 , 0 , 0 
99 , 43 , 27.50 , 0 , 0 
100 , 44 , 27.50 , 0 , 0 
100 , 44 , 27.50 , 0 , 0 
100 , 43 , 27.50 , 0 , 0 
100 , 44 , 27.50 , 0 , 0 
100 , 43 , 27.50 , 0 , 0 
99 , 43 , 27.50 , 0 , 0 
99 , 44 , 27.50 , 0 , 0 
100 , 44 , 27.50 , 0 , 0 
100 , 44 , 27.50 , 0 , 0 
99 , 43 , 27.50 , 0 , 0 
100 , 43 , 27.50 , 0 , 0 
100 , 43 , 27.50 , 0 , 0 
100 , 44 , 27.50 , 0 , 0 
100 , 44 , 27.50 , 0 , 0 
99 , 43 , 27.50 , 0 , 0 
100 , 43 , 27.50 , 0 , 0 
100 , 44 , 27.50 , 0 , 0 
100 , 45 , 27.50 , 0 , 0 
100 , 45 , 27.50 , 0 , 0 
99 , 45 , 27.50 , 0 , 0 
100 , 44 , 27.50 , 0 , 0 
100 , 44 , 27.50 , 0 , 0 
100 , 43 , 27.50 , 0 , 0 
100 , 43 , 27.50 , 0 , 0 
100 , 43 , 27.50 , 0 , 0 
99 , 44 , 27.50 , 0 , 0 
100 , 43 , 27.50 , 0 , 0 
100 , 43 , 27.50 , 0 , 0 
99 , 44 , 27.50 , 0 , 0 
100 , 43 , 27.50 , 0 , 0 
100 , 43 , 27.50 , 0 , 0 
100 , 44 , 27.50 , 0 , 0 
100 , 43 , 27.50 , 0 , 0 
100 , 44 , 27.50 , 0 , 0 
100 , 43 , 27.50 , 0 , 0 
100 , 44 , 27.50 , 0 , 0 
99 , 43 , 27.50 , 0 , 0 
100 , 44 , 27.50 , 0 , 0 
100 , 43 , 27.50 , 0 , 0 
100 , 43 , 27.50 , 0 , 0 
100 , 44 , 27.50 , 0 , 0 
100 , 43 , 27.50 , 0 , 0 
100 , 44 , 27.50 , 0 , 0 
100 , 44 , 27.50 , 0 , 0 
99 , 44 , 27.50 , 0 , 0 
100 , 43 , 27.50 , 0 , 0 
100 , 44 , 27.50 , 0 , 0 
100 , 44 , 27.50 , 0 , 0 
100 , 44 , 27.50 , 0 , 0 
99 , 44 , 27.50 , 0 , 0 
99 , 45 , 27.50 , 0 , 0 
100 , 45 , 27.50 , 0 , 0 
99 , 44 , 27.50 , 0 , 0 
100 , 44 , 27.50 , 0 , 0 
100 , 46 , 27.50 , 0 , 0 
100 , 45 , 27.50 , 0 , 0 
100 , 46 , 27.50 , 0 , 0 
100 , 47 , 27.50 , 0 , 0 
100 , 48 , 27.50 , 0 , 15
100 , 49 , 27.50 , 0 , 0 
100 , 0 , 27.50 , 1 , 0 
100 , 26 , 27.50 , 0 , 0 
100 , 32 , 27.50 , 0 , 0 
100 , 36 , 27.50 , 0 , 0 
100 , 42 , 27.50 , 0 , 0 
100 , 48 , 27.50 , 0 , 0 
100 , 52 , 27.50 , 0 , 0 
100 , 57 , 27.50 , 0 , 0 
100 , 60 , 27.50 , 0 , 0 
100 , 63 , 27.50 , 0 , 0 
99 , 64 , 27.50 , 0 , 0 
100 , 66 , 27.50 , 0 , 0 
100 , 66 , 27.50 , 0 , 0 
99 , 67 , 27.50 , 0 , 0 
100 , 68 , 27.50 , 0 , 0 
100 , 69 , 27.50 , 0 , 0 
100 , 69 , 27.50 , 0 , 0 
100 , 69 , 27.50 , 0 , 0 
100 , 69 , 27.50 , 0 , 0 
100 , 68 , 27.50 , 0 , 0 
99 , 68 , 27.50 , 0 , 0 
100 , 66 , 27.50 , 0 , 0 
100 , 66 , 27.50 , 0 , 0 
100 , 64 , 27.50 , 0 , 0 
100 , 63 , 27.50 , 0 , 0 
100 , 63 , 27.50 , 0 , 0 
100 , 63 , 27.50 , 0 , 0 
100 , 62 , 27.50 , 0 , 0 
100 , 62 , 27.50 , 0 , 0 
100 , 61 , 27.50 , 0 , 0 
100 , 61 , 27.50 , 0 , 0 
100 , 60 , 27.50 , 0 , 0 
99 , 60 , 27.50 , 0 , 0 
100 , 59 , 27.50 , 0 , 0 
100 , 59 , 27.50 , 0 , 0 
99 , 60 , 27.50 , 0 , 0 
100 , 60 , 27.50 , 0 , 0 
100 , 61 , 27.50 , 0 , 0 
100 , 62 , 27.50 , 0 , 0 
99 , 62 , 27.50 , 0 , 0 
100 , 64 , 27.50 , 0 , 0 
100 , 64 , 27.50 , 0 , 0 
100 , 65 , 27.50 , 0 , 0 
100 , 64 , 27.50 , 0 , 0 
100 , 66 , 27.50 , 0 , 0 
100 , 65 , 27.50 , 0 , 0 
99 , 66 , 27.50 , 0 , 0 
100 , 64 , 27.50 , 0 , 0 
100 , 66 , 27.50 , 0 , 0 
100 , 65 , 27.50 , 0 , 0 
100 , 64 , 27.50 , 0 , 0 
100 , 65 , 27.50 , 0 , 0 
99 , 66 , 27.50 , 0 , 0 
99 , 66 , 27.50 , 0 , 0 
100 , 67 , 27.50 , 0 , 0 
100 , 69 , 27.50 , 0 , 0 
100 , 69 , 27.50 , 0 , 0 
100 , 70 , 27.50 , 0 , 0 
99 , 71 , 27.50 , 0 , 0 
100 , 72 , 27.50 , 0 , 0 
100 , 72 , 27.50 , 0 , 0 
100 , 73 , 27.50 , 0 , 0 
100 , 71 , 27.50 , 0 , 0 
100 , 73 , 27.50 , 0 , 0 
100 , 72 , 27.50 , 0 , 0 
100 , 72 , 27.50 , 0 , 0 
100 , 73 , 27.50 , 0 , 0 
100 , 72 , 27.50 , 0 , 0 
100 , 72 , 27.50 , 0 , 0 
100 , 72 , 27.50 , 0 , 0 
100 , 72 , 27.50 , 0 , 0 
100 , 70 , 27.50 , 0 , 0 
99 , 70 , 27.50 , 0 , 0 
100 , 69 , 27.50 , 0 , 0 
100 , 69 , 27.50 , 0 , 0 
100 , 68 , 27.50 , 0 , 0 
100 , 67 , 27.50 , 0 , 0 
100 , 67 , 27.50 , 0 , 0 
99 , 67 , 27.50 , 0 , 0 
99 , 67 , 27.50 , 0 , 0 
100 , 67 , 27.50 , 0 , 0 
100 , 68 , 27.50 , 0 , 0 
99 , 68 , 27.50 , 0 , 0 
100 , 68 , 27.50 , 0 , 0 
100 , 68 , 27.50 , 0 , 0 
100 , 69 , 27.50 , 0 , 0 
100 , 69 , 27.50 , 0 , 0 
100 , 70 , 27.50 , 0 , 0 
100 , 70 , 27.50 , 0 , 0 
100 , 69 , 27.50 , 0 , 0 
100 , 69 , 27.50 , 0 , 0 
99 , 68 , 27.50 , 0 , 0 
100 , 69 , 27.50 , 0 , 0 
100 , 68 , 27.50 , 0 , 0 
100 , 69 , 27.50 , 0 , 0 
100 , 69 , 27.50 , 0 , 0 
100 , 67 , 27.50 , 0 , 0 
99 , 68 , 27.50 , 0 , 0 
100 , 66 , 27.50 , 0 , 0 
99 , 66 , 27.50 , 0 , 0 
100 , 66 , 27.50 , 0 , 0 
100 , 65 , 27.50 , 0 , 0 
100 , 65 , 27.50 , 0 , 0 
100 , 65 , 27.50 , 0 , 0 
100 , 63 , 27.50 , 0 , 0 
100 , 64 , 27.50 , 0 , 0 
99 , 64 , 27.50 , 0 , 0 
100 , 64 , 27.50 , 0 , 0 
100 , 64 , 27.50 , 0 , 0 
100 , 64 , 27.50 , 0 , 0 
100 , 66 , 27.50 , 0 , 0 
100 , 65 , 27.50 , 0 , 0 
100 , 64 , 27.50 , 0 , 0 
100 , 64 , 27.50 , 0 , 0 
99 , 65 , 27.50 , 0 , 0 
100 , 65 , 27.50 , 0 , 0 
100 , 64 , 27.50 , 0 , 0 
100 , 63 , 27.50 , 0 , 0 
100 , 63 , 27.50 , 0 , 0 
100 , 64 , 27.50 , 0 , 0 
99 , 64 , 27.50 , 0 , 0 
100 , 64 , 27.50 , 0 , 0 
100 , 63 , 27.50 , 0 , 0 
100 , 62 , 27.50 , 0 , 0 
100 , 63 , 27.50 , 0 , 0 
100 , 63 , 27.50 , 0 , 0 
100 , 63 , 27.50 , 0 , 0 
100 , 62 , 27.50 , 0 , 0 
100 , 62 , 27.50 , 0 , 0 
99 , 63 , 27.50 , 0 , 0 
100 , 61 , 27.50 , 0 , 0 
100 , 63 , 27.50 , 0 , 0 
100 , 62 , 27.50 , 0 , 0 
99 , 62 , 27.50 , 0 , 0 
100 , 61 , 27.50 , 0 , 0 
100 , 61 , 27.50 , 0 , 0 
100 , 62 , 27.50 , 0 , 0 
100 , 61 , 27.50 , 0 , 0 
100 , 61 , 27.50 , 0 , 0 
100 , 60 , 27.50 , 0 , 0 
99 , 60 , 27.50 , 0 , 0 
100 , 60 , 27.50 , 0 , 0 
100 , 60 , 27.50 , 0 , 0 
100 , 60 , 27.50 , 0 , 0 
100 , 59 , 27.50 , 0 , 0 
100 , 60 , 27.50 , 0 , 0 
100 , 60 , 27.50 , 0 , 0 
100 , 60 , 27.50 , 0 , 0 
100 , 60 , 27.50 , 0 , 0 
100 , 61 , 27.50 , 0 , 0 
100 , 60 , 27.50 , 0 , 0 
100 , 60 , 27.50 , 0 , 0 
100 , 60 , 27.50 , 0 , 0 
100 , 60 , 27.50 , 0 , 0 
100 , 60 , 27.50 , 0 , 0 
100 , 59 , 27.50 , 0 , 0 
99 , 60 , 27.50 , 0 , 0 
99 , 60 , 27.50 , 0 , 0 
99 , 60 , 27.50 , 0 , 0 
99 , 60 , 27.50 , 0 , 0 
100 , 60 , 27.50 , 0 , 0 
100 , 60 , 27.50 , 0 , 0 
100 , 59 , 27.50 , 0 , 0 
100 , 59 , 27.50 , 0 , 0 
99 , 61 , 27.50 , 0 , 0 
100 , 60 , 27.50 , 0 , 0 
99 , 60 , 27.50 , 0 , 0 
100 , 60 , 27.50 , 0 , 0 
100 , 60 , 27.50 , 0 , 0 
99 , 60 , 27.50 , 0 , 0 
99 , 60 , 27.50 , 0 , 0 
99 , 60 , 27.50 , 0 , 0 
100 , 60 , 27.50 , 0 , 0 
99 , 60 , 27.50 , 0 , 0 
100 , 59 , 27.50 , 0 , 0 
100 , 60 , 27.50 , 0 , 0 
100 , 60 , 27.50 , 0 , 0 
99 , 60 , 27.50 , 0 , 0 
100 , 59 , 27.50 , 0 , 0 
100 , 59 , 27.50 , 0 , 0 
100 , 60 , 27.50 , 0 , 0 
100 , 60 , 27.50 , 0 , 0 
100 , 60 , 27.50 , 0 , 0 
100 , 60 , 27.50 , 0 , 0 
100 , 60 , 27.50 , 0 , 0 
100 , 60 , 27.50 , 0 , 0 
100 , 58 , 27.50 , 0 , 0 
100 , 60 , 27.50 , 0 , 0 
100 , 59 , 27.50 , 0 , 0 
99 , 59 , 27.50 , 0 , 0 
100 , 59 , 27.50 , 0 , 0 
100 , 58 , 27.50 , 0 , 0 
100 , 59 , 27.50 , 0 , 0 
100 , 58 , 27.50 , 0 , 0 
100 , 59 , 27.50 , 0 , 0 
100 , 59 , 27.50 , 0 , 0 
100 , 58 , 27.50 , 0 , 0 
100 , 58 , 27.50 , 0 , 0 
100 , 58 , 27.50 , 0 , 0 
100 , 57 , 27.50 , 0 , 0 
100 , 60 , 27.50 , 0 , 0 
100 , 59 , 27.50 , 0 , 0 
100 , 58 , 27.50 , 0 , 0 
99 , 59 , 27.50 , 0 , 0 
100 , 59 , 27.50 , 0 , 0 
100 , 59 , 27.50 , 0 , 0 
100 , 59 , 27.50 , 0 , 0 
100 , 60 , 27.50 , 0 , 0 
100 , 60 , 27.50 , 0 , 0 
100 , 60 , 27.50 , 0 , 0 
99 , 60 , 27.50 , 0 , 0 
100 , 60 , 27.50 , 0 , 0 
100 , 60 , 27.50 , 0 , 0 
100 , 60 , 27.50 , 0 , 0 
100 , 60 , 27.50 , 0 , 0 
100 , 60 , 27.50 , 0 , 0 
100 , 60 , 27.50 , 0 , 0 
100 , 60 , 27.50 , 0 , 0 
100 , 60 , 27.50 , 0 , 0 
100 , 60 , 27.50 , 0 , 0 
100 , 60 , 27.50 , 0 , 0 
99 , 60 , 27.50 , 0 , 0 
100 , 59 , 27.50 , 0 , 0 
100 , 60 , 27.50 , 0 , 0 
100 , 59 , 27.50 , 0 , 0 
100 , 60 , 27.50 , 0 , 0 
100 , 60 , 27.50 , 0 , 0 
99 , 60 , 27.50 , 0 , 0 
100 , 60 , 27.50 , 0 , 0 
100 , 60 , 27.50 , 0 , 0 
99 , 60 , 27.50 , 0 , 0 
100 , 59 , 27.50 , 0 , 0 
100 , 59 , 27.50 , 0 , 0 
100 , 59 , 27.50 , 0 , 0 
100 , 59 , 27.50 , 0 , 0 
100 , 59 , 27.50 , 0 , 0 
100 , 59 , 27.50 , 0 , 0 
100 , 59 , 27.50 , 0 , 0 
100 , 59 , 27.50 , 0 , 0 
100 , 58 , 27.50 , 0 , 0 
100 , 58 , 27.50 , 0 , 0 
99 , 58 , 27.50 , 0 , 0 
100 , 59 , 27.50 , 0 , 0 
100 , 58 , 27.50 , 0 , 0 
100 , 59 , 27.50 , 0 , 0 
100 , 58 , 27.50 , 0 , 0 
99 , 60 , 27.50 , 0 , 0 
100 , 58 , 27.50 , 0 , 0 
100 , 59 , 27.50 , 0 , 0 
100 , 59 , 27.50 , 0 , 0 
100 , 59 , 27.50 , 0 , 0 
100 , 59 , 27.50 , 0 , 0 
100 , 59 , 27.50 , 0 , 0 
100 , 59 , 27.50 , 0 , 0 
100 , 59 , 27.50 , 0 , 0 
100 , 59 , 27.50 , 0 , 0 
100 , 59 , 27.50 , 0 , 0 
100 , 60 , 27.50 , 0 , 0 
99 , 59 , 27.50 , 0 , 0 
100 , 59 , 27.50 , 0 , 0 
100 , 59 , 27.50 , 0 , 0 
99 , 59 , 27.50 , 0 , 0 
100 , 59 , 27.50 , 0 , 0 
99 , 59 , 27.50 , 0 , 0 
100 , 59 , 27.50 , 0 , 0 
99 , 59 , 27.50 , 0 , 0 
100 , 59 , 27.50 , 0 , 0 
100 , 59 , 27.50 , 0 , 0 
100 , 59 , 27.50 , 0 , 0 
100 , 59 , 27.50 , 0 , 0 
99 , 60 , 27.50 , 0 , 0 
100 , 59 , 27.50 , 0 , 0 
100 , 59 , 27.50 , 0 , 0 
100 , 59 , 27.50 , 0 , 0 
99 , 59 , 27.50 , 0 , 0 
99 , 59 , 27.50 , 0 , 0 
100 , 59 , 27.50 , 0 , 0 
99 , 59 , 27.50 , 0 , 0 
99 , 60 , 27.50 , 0 , 0 
100 , 60 , 27.50 , 0 , 0 
100 , 59 , 27.50 , 0 , 0 
100 , 59 , 27.50 , 0 , 0 
99 , 58 , 27.50 , 0 , 0 
100 , 59 , 27.50 , 0 , 0 
100 , 59 , 27.50 , 0 , 0 
100 , 60 , 27.50 , 0 , 0 
100 , 59 , 27.50 , 0 , 0 
100 , 59 , 27.50 , 0 , 0 
100 , 59 , 27.50 , 0 , 0 
100 , 60 , 27.50 , 0 , 0 
99 , 59 , 27.50 , 0 , 0 
100 , 58 , 27.50 , 0 , 0 
100 , 59 , 27.50 , 0 , 0 
100 , 59 , 27.50 , 0 , 0 
100 , 59 , 27.50 , 0 , 0 
100 , 58 , 27.50 , 0 , 0 
100 , 57 , 27.50 , 0 , 0 
100 , 58 , 27.50 , 0 , 0 
100 , 58 , 27.50 , 0 , 0 
100 , 57 , 27.50 , 0 , 0 
100 , 57 , 27.50 , 0 , 0 
100 , 58 , 27.50 , 0 , 0 
100 , 57 , 27.50 , 0 , 0 
100 , 57 , 27.50 , 0 , 0 
100 , 58 , 27.50 , 0 , 0 
100 , 58 , 27.50 , 0 , 0 
100 , 57 , 27.50 , 0 , 0 
100 , 57 , 27.50 , 0 , 0 
100 , 57 , 27.50 , 0 , 0 
100 , 58 , 27.50 , 0 , 0 
100 , 57 , 27.50 , 0 , 0 
100 , 58 , 27.50 , 0 , 0 
100 , 59 , 27.50 , 0 , 0 
99 , 58 , 27.50 , 0 , 0 
100 , 57 , 27.50 , 0 , 0 
100 , 57 , 27.50 , 0 , 0 
99 , 58 , 27.50 , 0 , 0 
100 , 58 , 27.50 , 0 , 0 
100 , 58 , 27.50 , 0 , 0 
100 , 57 , 27.50 , 0 , 0 
100 , 58 , 27.50 , 0 , 0 
100 , 58 , 27.50 , 0 , 0 
100 , 57 , 27.50 , 0 , 0 
100 , 58 , 27.50 , 0 , 0 
100 , 58 , 27.50 , 0 , 0 
99 , 57 , 27.50 , 0 , 0 
100 , 58 , 27.50 , 0 , 0 
100 , 57 , 27.50 , 0 , 0 
100 , 57 , 27.50 , 0 , 0 
100 , 58 , 27.50 , 0 , 0 
100 , 58 , 27.50 , 0 , 0 
100 , 57 , 27.50 , 0 , 0 
100 , 57 , 27.50 , 0 , 0 
100 , 56 , 27.50 , 0 , 0 
100 , 57 , 27.50 , 0 , 0 
100 , 57 , 27.50 , 0 , 0 
100 , 57 , 27.50 , 0 , 0 
100 , 56 , 27.50 , 0 , 0 
100 , 57 , 27.50 , 0 , 0 
99 , 57 , 27.50 , 0 , 0 
100 , 56 , 27.50 , 0 , 0 
100 , 57 , 27.50 , 0 , 0 
99 , 57 , 27.50 , 0 , 0 
100 , 57 , 27.50 , 0 , 0 
100 , 57 , 27.50 , 0 , 0 
99 , 58 , 27.50 , 0 , 0 
100 , 57 , 27.50 , 0 , 0 
100 , 57 , 27.50 , 0 , 0 
100 , 56 , 27.50 , 0 , 0 
100 , 57 , 27.50 , 0 , 0 
100 , 57 , 27.50 , 0 , 0 
100 , 56 , 27.50 , 0 , 0 
100 , 57 , 27.50 , 0 , 0 
100 , 56 , 27.50 , 0 , 0 
100 , 57 , 27.50 , 0 , 0 
100 , 56 , 27.50 , 0 , 0 
100 , 56 , 27.50 , 0 , 0 
100 , 57 , 27.50 , 0 , 0 
100 , 55 , 27.50 , 0 , 0 
100 , 56 , 27.50 , 0 , 0 
100 , 56 , 27.50 , 0 , 0 
100 , 55 , 27.50 , 0 , 0 
100 , 56 , 27.50 , 0 , 0 
100 , 56 , 27.50 , 0 , 0 
100 , 56 , 27.50 , 0 , 0 
100 , 56 , 27.50 , 0 , 0 
100 , 56 , 27.50 , 0 , 0 
100 , 57 , 27.50 , 0 , 0 
100 , 55 , 27.50 , 0 , 0 
100 , 56 , 27.50 , 0 , 0 
100 , 55 , 27.50 , 0 , 0 
100 , 56 , 27.50 , 0 , 0 
100 , 56 , 27.50 , 0 , 0 
100 , 57 , 27.50 , 0 , 0 
99 , 56 , 27.50 , 0 , 0 
100 , 55 , 27.50 , 0 , 0 
100 , 55 , 27.50 , 0 , 0 
100 , 56 , 27.50 , 0 , 0 
99 , 56 , 27.50 , 0 , 0 
100 , 56 , 27.50 , 0 , 0 
99 , 56 , 27.50 , 0 , 0 
100 , 56 , 27.50 , 0 , 0 
100 , 56 , 27.50 , 0 , 0 
100 , 56 , 27.50 , 0 , 0 
100 , 55 , 27.50 , 0 , 0 
100 , 57 , 27.50 , 0 , 0 
100 , 56 , 27.50 , 0 , 0 
100 , 55 , 27.50 , 0 , 0 
100 , 56 , 27.50 , 0 , 0 
100 , 56 , 27.50 , 0 , 0 
100 , 56 , 27.50 , 0 , 0 
100 , 56 , 27.50 , 0 , 0 
100 , 57 , 27.50 , 0 , 0 
100 , 56 , 27.50 , 0 , 0 
100 , 56 , 27.50 , 0 , 0 
100 , 56 , 27.50 , 0 , 0 
100 , 56 , 27.50 , 0 , 0 
100 , 56 , 27.50 , 0 , 0 
100 , 55 , 27.50 , 0 , 0 
100 , 56 , 27.50 , 0 , 0 
100 , 56 , 27.50 , 0 , 0 
100 , 55 , 27.50 , 0 , 0 
100 , 56 , 27.50 , 0 , 0 
100 , 56 , 27.50 , 0 , 0 
99 , 56 , 27.50 , 1 , 0 
100 , 56 , 27.50 , 1 , 0 
100 , 56 , 27.50 , 1 , 0 
100 , 57 , 27.50 , 1 , 0 
99 , 56 , 27.50 , 1 , 0 
100 , 56 , 27.50 , 1 , 0 
100 , 57 , 27.50 , 1 , 0 
100 , 58 , 27.50 , 1 , 0 
99 , 57 , 27.50 , 0 , 0 
100 , 60 , 27.50 , 0 , 0 
99 , 60 , 27.50 , 0 , 0 
100 , 58 , 27.50 , 0 , 0 
100 , 58 , 27.50 , 0 , 0 
99 , 57 , 27.50 , 0 , 0 
98 , 58 , 27.50 , 0 , 0 
99 , 57 , 27.50 , 0 , 0 
100 , 57 , 27.50 , 0 , 0 
100 , 57 , 27.50 , 0 , 0 
99 , 57 , 27.50 , 0 , 0 
99 , 57 , 27.50 , 0 , 0 
99 , 55 , 27.50 , 0 , 0 
99 , 56 , 27.50 , 0 , 0 
99 , 56 , 27.50 , 0 , 0 
99 , 56 , 27.50 , 0 , 0 
100 , 56 , 27.50 , 0 , 0 
98 , 56 , 27.50 , 0 , 0 
98 , 57 , 27.50 , 0 , 0 
99 , 57 , 27.50 , 0 , 0 
99 , 55 , 27.50 , 0 , 0 
99 , 56 , 27.50 , 0 , 0 
98 , 56 , 27.50 , 0 , 0 
99 , 56 , 27.50 , 0 , 0 
99 , 55 , 27.50 , 0 , 0 
98 , 56 , 27.50 , 0 , 0 
100 , 56 , 27.50 , 0 , 0 
100 , 55 , 27.50 , 0 , 0 
99 , 56 , 27.50 , 0 , 0 
100 , 55 , 27.50 , 0 , 0 
98 , 55 , 27.50 , 0 , 0 
99 , 54 , 27.50 , 0 , 0 
100 , 55 , 27.50 , 0 , 0 
99 , 54 , 27.50 , 0 , 0 
100 , 55 , 27.50 , 0 , 0 
100 , 55 , 27.50 , 0 , 0 
98 , 55 , 27.50 , 0 , 0 
99 , 55 , 27.50 , 0 , 0 
99 , 55 , 27.50 , 0 , 0 
99 , 55 , 27.50 , 0 , 0 
98 , 55 , 27.50 , 0 , 0 
98 , 55 , 27.50 , 0 , 0 100 , 54 , 27.50 , 0 , 0 
99 , 55 , 27.50 , 0 , 0 
100 , 54 , 27.50 , 0 , 0 
100 , 54 , 27.50 , 0 , 0 
100 , 55 , 27.50 , 0 , 0 
98 , 56 , 27.50 , 0 , 0 
99 , 54 , 27.50 , 0 , 0 
99 , 55 , 27.50 , 0 , 0 
99 , 54 , 27.50 , 0 , 0 
100 , 54 , 27.50 , 0 , 0 
99 , 55 , 27.50 , 0 , 0 
99 , 54 , 27.50 , 0 , 0 
99 , 54 , 27.50 , 0 , 0 
98 , 54 , 27.50 , 0 , 0 
100 , 54 , 27.50 , 0 , 0 
99 , 54 , 27.50 , 0 , 0 
99 , 54 , 27.50 , 0 , 0 
100 , 54 , 27.50 , 0 , 0 
100 , 54 , 27.50 , 0 , 0 
100 , 55 , 27.50 , 0 , 0 
99 , 54 , 27.50 , 0 , 0 
99 , 55 , 27.50 , 0 , 0 
98 , 54 , 27.50 , 0 , 0 
99 , 54 , 27.50 , 0 , 0 
99 , 54 , 27.50 , 0 , 0 
99 , 54 , 27.50 , 0 , 0 
99 , 54 , 27.50 , 0 , 0 
100 , 54 , 27.50 , 0 , 0 
98 , 54 , 27.50 , 0 , 0 
100 , 53 , 27.50 , 0 , 0 
100 , 54 , 27.50 , 0 , 0 
99 , 55 , 27.50 , 0 , 0 
99 , 54 , 27.50 , 0 , 0 
100 , 54 , 27.50 , 0 , 0 
99 , 54 , 27.50 , 0 , 0 
98 , 53 , 27.50 , 0 , 0 
99 , 54 , 27.50 , 0 , 0 
98 , 53 , 27.50 , 0 , 0 
99 , 53 , 27.50 , 0 , 0 
100 , 54 , 27.50 , 0 , 0 
100 , 53 , 27.50 , 0 , 0 
100 , 53 , 27.50 , 0 , 0 
100 , 53 , 27.50 , 0 , 0 
100 , 54 , 27.50 , 0 , 0 
99 , 53 , 27.50 , 0 , 0 
99 , 54 , 27.50 , 0 , 0 
99 , 53 , 27.50 , 0 , 0 
100 , 52 , 27.50 , 0 , 0 
99 , 53 , 27.50 , 0 , 0 
100 , 54 , 27.50 , 0 , 0 
99 , 53 , 27.50 , 0 , 0 
98 , 53 , 27.50 , 0 , 0 
99 , 53 , 27.50 , 0 , 0 
98 , 54 , 27.50 , 0 , 0 
100 , 54 , 27.50 , 0 , 0 
100 , 53 , 27.50 , 0 , 0 
100 , 53 , 27.50 , 0 , 0 
99 , 54 , 27.50 , 0 , 0 
98 , 53 , 27.50 , 0 , 0 
99 , 53 , 27.50 , 0 , 0 
100 , 52 , 27.50 , 0 , 0 
99 , 54 , 27.50 , 0 , 0 
100 , 53 , 27.50 , 0 , 0 
99 , 54 , 27.50 , 0 , 0 
99 , 53 , 27.50 , 0 , 0 
100 , 53 , 27.50 , 0 , 0 
99 , 52 , 27.50 , 0 , 0 
100 , 53 , 27.50 , 0 , 0 
100 , 52 , 27.50 , 0 , 0 
100 , 53 , 27.50 , 0 , 0 
99 , 52 , 27.50 , 0 , 0 
99 , 53 , 27.50 , 0 , 0 
98 , 52 , 27.50 , 0 , 0 
99 , 52 , 27.50 , 0 , 0 
99 , 52 , 27.50 , 0 , 0 
99 , 52 , 27.50 , 0 , 0 
99 , 52 , 27.50 , 0 , 0 
99 , 53 , 27.50 , 0 , 0 
98 , 53 , 27.50 , 0 , 0 
98 , 52 , 27.50 , 0 , 0 
99 , 52 , 27.50 , 0 , 0 
99 , 52 , 27.50 , 0 , 0 
99 , 52 , 27.50 , 0 , 0 
98 , 52 , 27.50 , 0 , 0 
99 , 52 , 27.50 , 0 , 0 
100 , 51 , 27.50 , 0 , 0 
98 , 52 , 27.50 , 0 , 0 
98 , 52 , 27.50 , 0 , 0 
100 , 52 , 27.50 , 0 , 0 
100 , 52 , 27.50 , 0 , 0 
100 , 52 , 27.50 , 0 , 0 
100 , 53 , 27.50 , 0 , 0 
100 , 52 , 27.50 , 0 , 0 
99 , 52 , 27.50 , 0 , 0 
100 , 52 , 27.50 , 0 , 0 
100 , 51 , 27.50 , 0 , 0 
100 , 52 , 27.50 , 0 , 0 
99 , 52 , 27.50 , 0 , 0 
100 , 53 , 27.50 , 0 , 0 
100 , 51 , 27.50 , 0 , 0 
100 , 52 , 27.50 , 0 , 0 
100 , 51 , 27.50 , 0 , 0 
99 , 51 , 27.50 , 0 , 0 
99 , 51 , 27.50 , 0 , 0 
100 , 51 , 27.50 , 0 , 0 
98 , 51 , 27.50 , 0 , 0 
98 , 51 , 27.50 , 0 , 0 
98 , 52 , 27.50 , 0 , 0 
99 , 51 , 27.50 , 0 , 0 
99 , 52 , 27.50 , 0 , 0 
98 , 51 , 27.50 , 0 , 0 
98 , 51 , 27.50 , 0 , 0 
99 , 51 , 27.50 , 0 , 0 
99 , 51 , 27.50 , 0 , 0 
99 , 51 , 27.50 , 0 , 0 
100 , 52 , 27.50 , 0 , 0 
98 , 51 , 27.50 , 0 , 0 
99 , 51 , 27.50 , 0 , 0 
99 , 51 , 27.50 , 0 , 0 
99 , 51 , 27.50 , 0 , 0 
99 , 51 , 27.50 , 0 , 0 
100 , 51 , 27.50 , 0 , 0 
99 , 50 , 27.50 , 0 , 0 
100 , 52 , 27.50 , 0 , 0 
98 , 51 , 27.50 , 0 , 0 
99 , 51 , 27.50 , 0 , 0 
98 , 51 , 27.50 , 0 , 0 
100 , 51 , 27.50 , 0 , 0 
99 , 51 , 27.50 , 0 , 0 
100 , 51 , 27.50 , 0 , 0 
100 , 51 , 27.50 , 0 , 0 
99 , 51 , 27.50 , 0 , 0 
99 , 50 , 27.50 , 0 , 0 
99 , 51 , 27.50 , 0 , 0 
99 , 51 , 27.50 , 0 , 0 
99 , 50 , 27.50 , 0 , 0 
100 , 51 , 27.50 , 0 , 0 
100 , 51 , 27.50 , 0 , 0 
100 , 51 , 27.50 , 0 , 0 
99 , 51 , 27.50 , 0 , 0 
98 , 51 , 27.50 , 0 , 0 
99 , 52 , 27.50 , 0 , 0 
99 , 51 , 27.50 , 0 , 0 
99 , 51 , 27.50 , 0 , 0 
100 , 50 , 27.50 , 0 , 0 
100 , 51 , 27.50 , 0 , 0 
99 , 51 , 27.50 , 0 , 0 
99 , 51 , 27.50 , 0 , 0 
99 , 50 , 27.50 , 0 , 0 
98 , 51 , 27.50 , 0 , 0 
99 , 50 , 27.50 , 0 , 0 
98 , 50 , 27.50 , 0 , 0 
98 , 51 , 27.50 , 0 , 0 
98 , 51 , 27.50 , 0 , 0 
99 , 51 , 27.50 , 0 , 0 
99 , 50 , 27.50 , 0 , 0 
99 , 50 , 27.50 , 0 , 0 
99 , 50 , 27.50 , 0 , 0 
98 , 51 , 27.50 , 0 , 0 
98 , 50 , 27.50 , 0 , 0 
99 , 50 , 27.50 , 0 , 0 
98 , 51 , 27.50 , 0 , 0 
98 , 50 , 27.50 , 0 , 0 
99 , 50 , 27.50 , 0 , 0 
100 , 51 , 27.50 , 0 , 0 
99 , 50 , 27.50 , 0 , 0 
98 , 51 , 27.50 , 0 , 0 
98 , 51 , 27.50 , 0 , 0 
100 , 50 , 27.50 , 0 , 0 
99 , 50 , 27.50 , 0 , 0 
100 , 51 , 27.50 , 0 , 0 
100 , 50 , 27.50 , 0 , 0 
100 , 50 , 27.50 , 0 , 0 
99 , 50 , 27.50 , 0 , 0 
98 , 50 , 27.50 , 0 , 0 
100 , 50 , 27.50 , 0 , 0 
100 , 51 , 27.50 , 0 , 0 
99 , 51 , 27.50 , 0 , 0 
100 , 50 , 27.50 , 0 , 0 
99 , 50 , 27.50 , 0 , 0 
98 , 51 , 27.50 , 0 , 0 
99 , 50 , 27.50 , 0 , 0 
100 , 50 , 27.50 , 0 , 0 
100 , 49 , 27.50 , 0 , 0 
99 , 49 , 27.50 , 0 , 0 
99 , 50 , 27.50 , 0 , 0 
99 , 49 , 27.50 , 0 , 0 
100 , 50 , 27.50 , 0 , 0 
99 , 50 , 27.50 , 0 , 0 
100 , 50 , 27.50 , 0 , 0 
99 , 50 , 27.50 , 0 , 0 
99 , 49 , 27.50 , 0 , 0 
100 , 49 , 27.50 , 0 , 0 
100 , 50 , 27.50 , 0 , 0 
100 , 50 , 27.50 , 0 , 0 
98 , 51 , 27.50 , 0 , 0 
99 , 50 , 27.50 , 0 , 0 
98 , 50 , 27.50 , 0 , 0 
100 , 50 , 27.50 , 0 , 0 
99 , 50 , 27.50 , 0 , 0 
99 , 51 , 27.50 , 0 , 0 
99 , 49 , 27.50 , 0 , 0 
99 , 50 , 27.50 , 0 , 0 
99 , 51 , 27.50 , 0 , 0 
100 , 49 , 27.50 , 0 , 0 
99 , 50 , 27.50 , 0 , 0 
99 , 50 , 27.50 , 0 , 0 
100 , 50 , 27.50 , 0 , 0 
99 , 49 , 27.50 , 0 , 0 
99 , 50 , 27.50 , 0 , 0 
99 , 49 , 27.50 , 0 , 0 
99 , 50 , 27.50 , 0 , 0 
100 , 49 , 27.50 , 0 , 0 
99 , 51 , 27.50 , 0 , 0 
98 , 50 , 27.50 , 0 , 0 
99 , 51 , 27.50 , 0 , 0 
99 , 50 , 27.50 , 0 , 0 
99 , 50 , 27.50 , 0 , 0 
98 , 51 , 27.50 , 0 , 0 
100 , 50 , 27.50 , 0 , 0 
100 , 50 , 27.50 , 0 , 0 
100 , 50 , 27.50 , 0 , 0 
99 , 50 , 27.50 , 0 , 0 
100 , 49 , 27.50 , 0 , 0 
100 , 51 , 27.50 , 0 , 0 
99 , 50 , 27.50 , 0 , 0 
98 , 49 , 27.50 , 0 , 0 
99 , 49 , 27.50 , 0 , 0 
98 , 50 , 27.50 , 0 , 0 
98 , 51 , 27.50 , 0 , 0 
100 , 49 , 27.50 , 0 , 0 
99 , 50 , 27.50 , 0 , 0 
98 , 50 , 27.50 , 0 , 0 
99 , 50 , 27.50 , 0 , 0 
99 , 49 , 27.50 , 0 , 0 
98 , 49 , 27.50 , 0 , 0 
98 , 49 , 27.50 , 0 , 0 
100 , 49 , 27.50 , 0 , 0 
100 , 50 , 27.50 , 0 , 0 
100 , 49 , 27.50 , 0 , 0 
98 , 50 , 27.50 , 0 , 0 
99 , 50 , 27.50 , 0 , 0 
98 , 49 , 27.50 , 0 , 0 
98 , 50 , 27.50 , 0 , 0 
100 , 49 , 27.50 , 0 , 0 
98 , 49 , 27.50 , 0 , 0 
100 , 51 , 27.50 , 0 , 0 
98 , 50 , 27.50 , 0 , 0 
100 , 50 , 27.50 , 0 , 0 
100 , 50 , 27.50 , 0 , 0 
98 , 50 , 27.50 , 0 , 0 
99 , 49 , 27.50 , 0 , 0 
100 , 50 , 27.50 , 0 , 0 
100 , 49 , 27.50 , 0 , 0 
100 , 50 , 27.50 , 0 , 0 
99 , 50 , 27.50 , 0 , 0 
100 , 49 , 27.50 , 0 , 0 
98 , 49 , 27.50 , 0 , 0 
100 , 49 , 27.50 , 0 , 0 
100 , 50 , 27.50 , 0 , 0 
99 , 49 , 27.50 , 0 , 0 
100 , 49 , 27.50 , 0 , 0 
100 , 50 , 27.50 , 0 , 0 
99 , 49 , 27.50 , 0 , 0 
100 , 50 , 27.50 , 0 , 0 
100 , 49 , 27.50 , 0 , 0 
99 , 49 , 27.50 , 0 , 0 
99 , 49 , 27.50 , 0 , 0 
99 , 49 , 27.50 , 0 , 0 
100 , 50 , 27.50 , 0 , 0 
100 , 50 , 27.50 , 0 , 0 
99 , 50 , 27.50 , 0 , 0 
100 , 50 , 27.50 , 0 , 0 
99 , 49 , 27.50 , 0 , 0 
100 , 49 , 27.50 , 0 , 0 
99 , 50 , 27.50 , 0 , 0 
98 , 50 , 27.50 , 0 , 0 
100 , 50 , 27.50 , 0 , 0 
99 , 49 , 27.50 , 0 , 0 
99 , 49 , 27.50 , 0 , 0 
99 , 50 , 27.50 , 0 , 0 
100 , 50 , 27.50 , 0 , 0 
100 , 50 , 27.50 , 0 , 0 
100 , 49 , 27.50 , 0 , 0 
100 , 49 , 27.50 , 0 , 0 
98 , 50 , 27.50 , 0 , 0 
99 , 49 , 27.50 , 0 , 0 
100 , 49 , 27.50 , 0 , 0 
99 , 49 , 27.50 , 0 , 0 
99 , 50 , 27.50 , 0 , 0 
100 , 50 , 27.50 , 0 , 0 
100 , 49 , 27.50 , 0 , 0 
99 , 49 , 27.50 , 0 , 0 
99 , 49 , 27.50 , 0 , 0 
99 , 49 , 27.50 , 0 , 0 
99 , 50 , 27.50 , 0 , 0 
99 , 50 , 27.50 , 0 , 0 
99 , 50 , 27.50 , 0 , 0 
99 , 49 , 27.50 , 0 , 0 
99 , 49 , 27.50 , 0 , 0 
99 , 50 , 27.50 , 0 , 0 
99 , 48 , 27.50 , 0 , 0 
100 , 49 , 27.50 , 0 , 0 
98 , 49 , 27.50 , 0 , 0 
99 , 49 , 27.50 , 0 , 0 
100 , 50 , 27.50 , 0 , 0 
99 , 49 , 27.50 , 0 , 0 
98 , 48 , 27.50 , 0 , 0 
99 , 50 , 27.50 , 0 , 0 
98 , 48 , 27.50 , 0 , 0 
99 , 49 , 27.50 , 0 , 0 
100 , 50 , 27.50 , 0 , 0 
100 , 49 , 27.50 , 0 , 0 
99 , 49 , 27.50 , 0 , 0 
99 , 48 , 27.50 , 0 , 0 
99 , 49 , 27.50 , 0 , 0 
98 , 49 , 27.50 , 0 , 0 
100 , 48 , 27.50 , 0 , 0 
100 , 49 , 27.50 , 0 , 0 
99 , 49 , 27.50 , 0 , 0 
100 , 49 , 27.50 , 0 , 0 
100 , 49 , 27.50 , 0 , 0 
100 , 49 , 27.50 , 0 , 0 
99 , 49 , 27.50 , 0 , 0 
98 , 48 , 27.50 , 0 , 0 
99 , 48 , 27.50 , 0 , 0 
99 , 49 , 27.50 , 0 , 0 
100 , 48 , 27.50 , 0 , 0 
99 , 49 , 27.50 , 0 , 0 
100 , 48 , 27.50 , 0 , 0 
100 , 49 , 27.50 , 0 , 0 
100 , 48 , 27.50 , 0 , 0 
99 , 48 , 27.50 , 0 , 0 
100 , 49 , 27.50 , 0 , 0 
98 , 49 , 27.50 , 0 , 0 
98 , 49 , 27.50 , 0 , 0 
99 , 49 , 27.50 , 0 , 0 
99 , 48 , 27.50 , 0 , 0 
100 , 48 , 27.50 , 0 , 0 
98 , 49 , 27.50 , 0 , 0 
98 , 49 , 27.50 , 0 , 0 
99 , 48 , 27.50 , 0 , 0 
100 , 48 , 27.50 , 0 , 0 
99 , 48 , 27.50 , 0 , 0 
99 , 48 , 27.50 , 0 , 0 
99 , 48 , 27.50 , 0 , 0 
100 , 48 , 27.50 , 0 , 0 
99 , 49 , 27.50 , 0 , 0 
99 , 48 , 27.50 , 0 , 0 
99 , 49 , 27.50 , 0 , 0 
99 , 48 , 27.50 , 0 , 0 
98 , 48 , 27.50 , 0 , 0 
98 , 48 , 27.50 , 0 , 0 
100 , 47 , 27.50 , 0 , 0 
98 , 48 , 27.50 , 0 , 0 
100 , 47 , 27.50 , 0 , 0 
100 , 48 , 27.50 , 0 , 0 
99 , 47 , 27.50 , 0 , 0 
98 , 49 , 27.50 , 0 , 0 
100 , 48 , 27.50 , 0 , 0 
99 , 48 , 27.50 , 0 , 0 
99 , 48 , 27.50 , 0 , 0 
99 , 48 , 27.50 , 0 , 0 
98 , 48 , 27.50 , 0 , 0 
98 , 48 , 27.50 , 0 , 0 
100 , 47 , 27.50 , 0 , 0 
100 , 48 , 27.50 , 0 , 0 
99 , 46 , 27.50 , 0 , 0 
99 , 47 , 27.50 , 0 , 0 
99 , 48 , 27.50 , 0 , 0 
99 , 47 , 27.50 , 0 , 0 
99 , 47 , 27.50 , 0 , 0 
98 , 46 , 27.50 , 0 , 0 
99 , 48 , 27.50 , 0 , 0 
100 , 47 , 27.50 , 0 , 0 
100 , 47 , 27.50 , 0 , 0 
99 , 47 , 27.50 , 0 , 0 
100 , 46 , 27.50 , 0 , 0 
98 , 48 , 27.50 , 0 , 0 
98 , 47 , 27.50 , 0 , 0 
100 , 48 , 27.50 , 0 , 0 
99 , 48 , 27.50 , 0 , 0 
99 , 47 , 27.50 , 0 , 0 
98 , 47 , 27.50 , 0 , 0 
98 , 47 , 27.50 , 0 , 0 
99 , 48 , 27.50 , 0 , 0 
98 , 47 , 27.50 , 0 , 0 
100 , 47 , 27.50 , 0 , 0 
99 , 48 , 27.50 , 0 , 0 
99 , 48 , 27.50 , 0 , 0 
100 , 47 , 27.50 , 0 , 0 
99 , 47 , 27.50 , 0 , 0 
99 , 47 , 27.50 , 0 , 0 
99 , 48 , 27.50 , 0 , 0 
99 , 47 , 27.50 , 0 , 0 
98 , 47 , 27.50 , 0 , 0 
100 , 47 , 27.50 , 0 , 0 
99 , 47 , 27.50 , 0 , 0 
99 , 47 , 27.50 , 0 , 0 
99 , 47 , 27.50 , 0 , 0 
100 , 47 , 27.50 , 0 , 0 
99 , 47 , 27.50 , 0 , 0 
99 , 47 , 27.50 , 0 , 0 
98 , 47 , 27.50 , 0 , 0 
99 , 47 , 27.50 , 0 , 0 
99 , 46 , 27.50 , 0 , 0 
99 , 47 , 27.50 , 0 , 0 
99 , 48 , 27.50 , 0 , 0 
100 , 47 , 27.50 , 0 , 0 
99 , 47 , 27.50 , 0 , 0 
100 , 47 , 27.50 , 0 , 0 
99 , 46 , 27.50 , 0 , 0 
99 , 47 , 27.50 , 0 , 0 
100 , 46 , 27.50 , 0 , 0 
99 , 47 , 27.50 , 0 , 0 
99 , 47 , 27.50 , 0 , 0 
99 , 46 , 27.50 , 0 , 0 
100 , 47 , 27.50 , 0 , 0 
99 , 47 , 27.50 , 0 , 0 
99 , 45 , 27.50 , 0 , 0 
99 , 46 , 27.50 , 0 , 0 
100 , 47 , 27.50 , 0 , 0 
99 , 46 , 27.50 , 0 , 0 
99 , 46 , 27.50 , 0 , 0 
99 , 47 , 27.50 , 0 , 0 
100 , 46 , 27.50 , 0 , 0 
98 , 47 , 27.50 , 0 , 0 
99 , 46 , 27.50 , 0 , 0 
99 , 46 , 27.50 , 0 , 0 
99 , 46 , 27.50 , 0 , 0 
99 , 47 , 27.50 , 0 , 0 
100 , 46 , 27.50 , 0 , 0 
100 , 47 , 27.50 , 0 , 0 
99 , 45 , 27.50 , 0 , 0 
98 , 46 , 27.50 , 0 , 0 
99 , 46 , 27.50 , 0 , 0 
98 , 46 , 27.50 , 0 , 0 
98 , 47 , 27.50 , 0 , 0 
100 , 46 , 27.50 , 0 , 0 
99 , 46 , 27.50 , 0 , 0 
99 , 47 , 27.50 , 0 , 0 
99 , 47 , 27.50 , 0 , 0 
100 , 46 , 27.50 , 0 , 0 
98 , 46 , 27.50 , 0 , 0 
99 , 46 , 27.50 , 0 , 0 
100 , 46 , 27.50 , 0 , 0 
99 , 46 , 27.50 , 0 , 0 
98 , 46 , 27.50 , 0 , 0 
98 , 46 , 27.50 , 0 , 0 
100 , 47 , 27.50 , 0 , 0 
98 , 45 , 27.50 , 0 , 0 
100 , 46 , 27.50 , 0 , 0 
100 , 45 , 27.50 , 0 , 0 
99 , 47 , 27.50 , 0 , 0 
99 , 46 , 27.50 , 0 , 0 
98 , 45 , 27.50 , 0 , 0 
99 , 46 , 27.50 , 0 , 0 
98 , 45 , 27.50 , 0 , 0 
100 , 46 , 27.50 , 0 , 0 
99 , 47 , 27.50 , 0 , 0 
100 , 46 , 27.50 , 0 , 0 
99 , 47 , 27.50 , 0 , 0 
99 , 46 , 27.50 , 0 , 0 
100 , 46 , 27.50 , 0 , 0 
100 , 46 , 27.50 , 0 , 0 
100 , 46 , 27.50 , 0 , 0 
98 , 46 , 27.50 , 0 , 0 
100 , 46 , 27.50 , 0 , 0 
100 , 46 , 27.50 , 0 , 0 
98 , 45 , 27.50 , 0 , 0 
99 , 46 , 27.50 , 0 , 0 
99 , 45 , 27.50 , 0 , 0 
98 , 45 , 27.50 , 0 , 0 
100 , 45 , 27.50 , 0 , 0 
99 , 46 , 27.50 , 0 , 0 
99 , 45 , 27.50 , 0 , 0 
98 , 46 , 27.50 , 0 , 0 
100 , 45 , 27.50 , 0 , 0 
99 , 45 , 27.50 , 0 , 0 
100 , 46 , 27.50 , 0 , 0 
99 , 46 , 27.50 , 0 , 0 
100 , 45 , 27.50 , 0 , 0 
98 , 45 , 27.50 , 0 , 0 
98 , 45 , 27.50 , 0 , 0 
98 , 46 , 27.50 , 0 , 0 
99 , 45 , 27.50 , 0 , 0 
100 , 46 , 27.50 , 0 , 0 
98 , 45 , 27.50 , 0 , 0 
99 , 46 , 27.50 , 0 , 0 
100 , 46 , 27.50 , 0 , 0 
99 , 46 , 27.50 , 0 , 0 
99 , 46 , 27.50 , 0 , 0 
98 , 45 , 27.50 , 0 , 0 
100 , 46 , 27.50 , 0 , 0 
100 , 46 , 27.50 , 0 , 0 
100 , 47 , 27.50 , 0 , 0 
100 , 47 , 27.50 , 0 , 0 
99 , 46 , 27.50 , 0 , 0 
98 , 46 , 27.50 , 0 , 0 
99 , 45 , 27.50 , 0 , 0 
100 , 45 , 27.50 , 0 , 0 
99 , 45 , 27.50 , 0 , 0 
98 , 46 , 27.50 , 0 , 0 
99 , 45 , 27.50 , 0 , 0 
98 , 45 , 27.50 , 0 , 0 
100 , 45 , 27.50 , 0 , 0 
99 , 45 , 27.50 , 0 , 0 
100 , 45 , 27.50 , 0 , 0 
99 , 46 , 27.50 , 0 , 0 
99 , 46 , 27.50 , 0 , 0 
100 , 46 , 27.50 , 0 , 0 
98 , 45 , 27.50 , 0 , 0 
100 , 46 , 27.50 , 0 , 0 
99 , 46 , 27.50 , 0 , 0 
98 , 46 , 27.50 , 0 , 0 
98 , 45 , 27.50 , 0 , 0 
99 , 45 , 27.50 , 0 , 0 
100 , 45 , 27.50 , 0 , 0 
100 , 46 , 27.50 , 0 , 0 
99 , 46 , 27.50 , 0 , 0 
99 , 45 , 27.50 , 0 , 0 
98 , 46 , 27.50 , 0 , 0 
99 , 45 , 27.50 , 0 , 0 
98 , 45 , 27.50 , 0 , 0 
99 , 45 , 27.50 , 0 , 0 
100 , 45 , 27.50 , 0 , 0 
100 , 45 , 27.50 , 0 , 0 
100 , 45 , 27.50 , 0 , 0 
100 , 45 , 27.50 , 0 , 0 
100 , 45 , 27.50 , 0 , 0 
100 , 45 , 27.50 , 0 , 0 
99 , 45 , 27.50 , 0 , 0 
99 , 45 , 27.50 , 0 , 0 
99 , 45 , 27.50 , 0 , 0 
99 , 46 , 27.50 , 0 , 0 
99 , 45 , 27.50 , 0 , 0 
99 , 45 , 27.50 , 0 , 0 
99 , 45 , 27.50 , 0 , 0 
99 , 45 , 27.50 , 0 , 0 
99 , 45 , 27.50 , 0 , 0 
99 , 45 , 27.50 , 0 , 0 
100 , 46 , 27.50 , 0 , 0 
98 , 45 , 27.50 , 0 , 0 
99 , 46 , 27.50 , 0 , 0 
100 , 45 , 27.50 , 0 , 0 
99 , 45 , 27.50 , 0 , 0 
100 , 45 , 27.50 , 0 , 0 
100 , 45 , 27.50 , 0 , 0 
100 , 45 , 27.50 , 0 , 0 
100 , 46 , 27.50 , 0 , 0 
99 , 46 , 27.50 , 0 , 0 
100 , 45 , 27.50 , 0 , 0 
99 , 46 , 27.50 , 0 , 0 
99 , 45 , 27.50 , 0 , 0 
100 , 45 , 27.50 , 0 , 0 
99 , 44 , 27.50 , 0 , 0 
99 , 45 , 27.50 , 0 , 0 
99 , 45 , 27.50 , 0 , 0 
99 , 46 , 27.50 , 0 , 0 
100 , 46 , 27.50 , 0 , 0 
99 , 45 , 27.50 , 0 , 0 
100 , 44 , 27.50 , 0 , 0 
99 , 45 , 27.50 , 0 , 0 
100 , 45 , 27.50 , 0 , 0 
99 , 45 , 27.50 , 0 , 0 
100 , 45 , 27.50 , 0 , 0 
99 , 45 , 27.50 , 0 , 0 
98 , 45 , 27.50 , 0 , 0 
100 , 44 , 27.50 , 0 , 0 
100 , 46 , 27.50 , 0 , 0 
98 , 46 , 27.50 , 0 , 0 
99 , 45 , 27.50 , 0 , 0 
99 , 46 , 27.50 , 0 , 0 
99 , 45 , 27.50 , 0 , 0 
100 , 46 , 27.50 , 0 , 0 
99 , 46 , 27.50 , 0 , 0 
100 , 45 , 27.50 , 0 , 0 
99 , 45 , 27.50 , 0 , 0 
100 , 45 , 27.50 , 0 , 0 
100 , 45 , 27.50 , 0 , 0 
99 , 46 , 27.50 , 0 , 0 
99 , 46 , 27.50 , 0 , 0 
99 , 45 , 27.50 , 0 , 0 
99 , 46 , 27.50 , 0 , 0 
100 , 46 , 27.50 , 0 , 0 
100 , 45 , 27.50 , 0 , 0 
100 , 45 , 27.50 , 0 , 0 
100 , 46 , 27.50 , 0 , 0 
100 , 45 , 27.50 , 0 , 0 
99 , 46 , 27.50 , 0 , 0 
98 , 45 , 27.50 , 0 , 0 
99 , 46 , 27.50 , 0 , 0 
99 , 46 , 27.50 , 0 , 0 
100 , 45 , 27.50 , 0 , 0 
98 , 44 , 27.50 , 0 , 0 
99 , 45 , 27.50 , 0 , 0 
99 , 46 , 27.50 , 0 , 0 
100 , 45 , 27.50 , 0 , 0 
100 , 44 , 27.50 , 0 , 0 
100 , 45 , 27.50 , 0 , 0 
99 , 44 , 27.50 , 0 , 0 
100 , 46 , 27.50 , 0 , 0 
100 , 45 , 27.50 , 0 , 0 
100 , 46 , 27.50 , 0 , 0 
100 , 46 , 27.50 , 0 , 0 
100 , 45 , 27.50 , 0 , 0 
100 , 46 , 27.50 , 0 , 0 
99 , 45 , 27.50 , 0 , 0 
100 , 46 , 27.50 , 0 , 0 
100 , 45 , 27.50 , 0 , 0 
100 , 46 , 27.50 , 0 , 0 
100 , 46 , 27.50 , 0 , 0 
99 , 45 , 27.50 , 0 , 0 
100 , 46 , 27.50 , 0 , 0 
100 , 45 , 27.50 , 0 , 0 
99 , 45 , 27.50 , 0 , 0 
100 , 45 , 27.50 , 0 , 0 
100 , 45 , 27.50 , 0 , 0 
99 , 45 , 27.50 , 0 , 0 
100 , 45 , 27.50 , 0 , 0 
99 , 44 , 27.50 , 0 , 0 
100 , 44 , 27.50 , 0 , 0 
100 , 44 , 27.50 , 0 , 0 
100 , 44 , 27.50 , 0 , 0 
98 , 45 , 27.50 , 0 , 0 
100 , 46 , 27.50 , 0 , 0 
98 , 44 , 27.50 , 0 , 0 
98 , 44 , 27.50 , 0 , 0 
98 , 45 , 27.50 , 0 , 0 
99 , 45 , 27.50 , 0 , 0 
100 , 45 , 27.50 , 0 , 0 
99 , 46 , 27.50 , 0 , 0 
98 , 45 , 27.50 , 0 , 0 
98 , 44 , 27.50 , 0 , 0 
100 , 44 , 27.50 , 0 , 0 
100 , 45 , 27.50 , 0 , 0 
98 , 45 , 27.50 , 0 , 0 
100 , 44 , 27.50 , 0 , 0 
100 , 44 , 27.50 , 0 , 0 
99 , 45 , 27.50 , 0 , 0 
99 , 45 , 27.50 , 0 , 0 
100 , 45 , 27.50 , 0 , 0 
100 , 45 , 27.50 , 0 , 0 
98 , 45 , 27.50 , 0 , 0 
99 , 45 , 27.50 , 0 , 0 
100 , 45 , 27.50 , 0 , 0 
99 , 45 , 27.50 , 0 , 0 
99 , 45 , 27.50 , 0 , 0 
99 , 45 , 27.50 , 0 , 0 
99 , 45 , 27.50 , 0 , 0 
100 , 45 , 27.50 , 0 , 0 
98 , 45 , 27.50 , 0 , 0 
99 , 46 , 27.50 , 0 , 0 
99 , 45 , 27.50 , 0 , 0 
100 , 45 , 27.50 , 0 , 0 
100 , 45 , 27.50 , 0 , 0 
98 , 46 , 27.50 , 0 , 0 
100 , 45 , 27.50 , 0 , 0 
100 , 44 , 27.50 , 0 , 0 
98 , 45 , 27.50 , 0 , 0 
99 , 45 , 27.50 , 0 , 0 
99 , 45 , 27.50 , 0 , 0 
98 , 46 , 27.50 , 0 , 0 
100 , 45 , 27.50 , 0 , 0 
99 , 46 , 27.50 , 0 , 0 
99 , 45 , 27.50 , 0 , 0 
100 , 45 , 27.50 , 0 , 0 
99 , 45 , 27.50 , 0 , 0 
99 , 45 , 27.50 , 0 , 0 
100 , 45 , 27.50 , 0 , 0 
100 , 45 , 27.50 , 0 , 0 
98 , 45 , 27.50 , 0 , 0 
99 , 44 , 27.50 , 0 , 0 
100 , 44 , 27.50 , 0 , 0 
100 , 45 , 27.50 , 0 , 0 
100 , 44 , 27.50 , 0 , 0 
99 , 45 , 27.50 , 0 , 0 
98 , 45 , 27.50 , 0 , 0 
99 , 44 , 27.50 , 0 , 0 
98 , 44 , 27.50 , 0 , 0 
99 , 44 , 27.50 , 0 , 0 
99 , 44 , 27.50 , 0 , 0 
100 , 45 , 27.50 , 0 , 0 
99 , 44 , 27.50 , 0 , 0 
99 , 45 , 27.50 , 0 , 0 
100 , 45 , 27.50 , 0 , 0 
98 , 44 , 27.50 , 0 , 0 
100 , 45 , 27.50 , 0 , 0 
100 , 44 , 27.50 , 0 , 0 
99 , 45 , 27.50 , 0 , 0 
100 , 45 , 27.50 , 0 , 0 
98 , 45 , 27.50 , 0 , 0 
98 , 45 , 27.50 , 0 , 0 
99 , 43 , 27.50 , 0 , 0 
98 , 44 , 27.50 , 0 , 0 
99 , 45 , 27.50 , 0 , 0 
99 , 44 , 27.50 , 0 , 0 
99 , 44 , 27.50 , 0 , 0 
99 , 44 , 27.50 , 0 , 0 
98 , 44 , 27.50 , 0 , 0 
98 , 44 , 27.50 , 0 , 0 
100 , 45 , 27.50 , 0 , 0 
98 , 44 , 27.50 , 0 , 0 
99 , 43 , 27.50 , 0 , 0 
99 , 44 , 27.50 , 0 , 0 
99 , 45 , 27.50 , 0 , 0 
99 , 44 , 27.50 , 0 , 0 
99 , 44 , 27.50 , 0 , 0 
99 , 44 , 27.50 , 0 , 0 
99 , 44 , 27.50 , 0 , 0 
100 , 44 , 27.50 , 0 , 0 
99 , 44 , 27.50 , 0 , 0 
99 , 45 , 27.50 , 0 , 0 
99 , 44 , 27.50 , 0 , 0 
100 , 44 , 27.50 , 0 , 0 
99 , 45 , 27.50 , 0 , 0 
99 , 44 , 27.50 , 0 , 0 
100 , 44 , 27.50 , 0 , 0 
100 , 44 , 27.50 , 0 , 0 
99 , 44 , 27.50 , 0 , 0 
99 , 44 , 27.50 , 0 , 0 
99 , 44 , 27.50 , 0 , 0 
100 , 44 , 27.50 , 0 , 0 
100 , 44 , 27.50 , 0 , 0 
99 , 44 , 27.50 , 0 , 0 
99 , 44 , 27.50 , 0 , 0 
100 , 44 , 27.50 , 0 , 0 
98 , 44 , 27.50 , 0 , 0 
100 , 44 , 27.50 , 0 , 0 
99 , 44 , 27.50 , 0 , 0 
100 , 44 , 27.50 , 0 , 0 
99 , 44 , 27.50 , 0 , 0 
99 , 44 , 27.50 , 0 , 0 
99 , 44 , 27.50 , 0 , 0 
98 , 44 , 27.50 , 0 , 0 
99 , 44 , 27.50 , 0 , 0 
100 , 44 , 27.50 , 0 , 0 
100 , 44 , 27.50 , 0 , 0 
100 , 44 , 27.50 , 0 , 0 
100 , 44 , 27.50 , 0 , 0 
98 , 44 , 27.50 , 0 , 0 
100 , 44 , 27.50 , 0 , 0 
100 , 45 , 27.50 , 0 , 0 
99 , 44 , 27.50 , 0 , 0 
99 , 44 , 27.50 , 0 , 0 
99 , 44 , 27.50 , 0 , 0 
99 , 44 , 27.50 , 0 , 0 
99 , 43 , 27.50 , 0 , 0 
99 , 44 , 27.50 , 0 , 0 
98 , 44 , 27.50 , 0 , 0 
98 , 44 , 27.50 , 0 , 0 
100 , 43 , 27.50 , 0 , 0 
100 , 44 , 27.50 , 0 , 0 
99 , 43 , 27.50 , 0 , 0 
98 , 44 , 27.50 , 0 , 0 
100 , 44 , 27.50 , 0 , 0 
98 , 43 , 27.50 , 0 , 0 
100 , 44 , 27.50 , 0 , 0 
98 , 44 , 27.50 , 0 , 0 
99 , 44 , 27.50 , 0 , 0 
99 , 43 , 27.50 , 0 , 0 
100 , 44 , 27.50 , 0 , 0 
100 , 44 , 27.50 , 0 , 0 
99 , 44 , 27.50 , 0 , 0 
99 , 44 , 27.50 , 0 , 0 
99 , 43 , 27.50 , 0 , 0 
100 , 43 , 27.50 , 0 , 0 
98 , 44 , 27.50 , 0 , 0 
99 , 44 , 27.50 , 0 , 0 
100 , 44 , 27.50 , 0 , 0 
99 , 43 , 27.50 , 0 , 0 
98 , 43 , 27.50 , 0 , 0 
99 , 43 , 27.50 , 0 , 0 
98 , 44 , 27.50 , 0 , 0 
100 , 44 , 27.50 , 0 , 0 
99 , 43 , 27.50 , 0 , 0 
98 , 44 , 27.50 , 0 , 0 
99 , 44 , 27.50 , 0 , 0 
99 , 44 , 27.50 , 0 , 0 
100 , 44 , 27.50 , 0 , 0 
98 , 45 , 27.50 , 0 , 0 
99 , 44 , 27.50 , 0 , 0 
98 , 43 , 27.50 , 0 , 0 
99 , 43 , 27.50 , 0 , 0 
98 , 44 , 27.50 , 0 , 0 
98 , 43 , 27.50 , 0 , 0 
99 , 43 , 27.50 , 0 , 0 
99 , 43 , 27.50 , 0 , 0 
100 , 42 , 27.50 , 0 , 0 
99 , 43 , 27.50 , 0 , 0 
100 , 44 , 27.50 , 0 , 0 
99 , 44 , 27.50 , 0 , 0 
99 , 44 , 27.50 , 0 , 0 
99 , 43 , 27.50 , 0 , 0 
98 , 43 , 27.50 , 0 , 0 
100 , 45 , 27.50 , 0 , 0 
98 , 43 , 27.50 , 0 , 0 
100 , 43 , 27.50 , 0 , 0 
98 , 44 , 27.50 , 0 , 0 
98 , 43 , 27.50 , 0 , 0 
98 , 42 , 27.50 , 0 , 0 
100 , 44 , 27.50 , 0 , 0 
98 , 42 , 27.50 , 0 , 0 
99 , 43 , 27.50 , 0 , 0 
99 , 44 , 27.50 , 0 , 0 
99 , 44 , 27.50 , 0 , 0 
99 , 44 , 27.50 , 0 , 0 
99 , 43 , 27.50 , 0 , 0 
100 , 44 , 27.50 , 0 , 0 
100 , 43 , 27.50 , 0 , 0 
98 , 43 , 27.50 , 0 , 0 
98 , 44 , 27.50 , 0 , 0 
99 , 44 , 27.50 , 0 , 0 
100 , 43 , 27.50 , 0 , 0 
99 , 44 , 27.50 , 0 , 0 
98 , 43 , 27.50 , 0 , 0 
99 , 44 , 27.50 , 0 , 0 
99 , 44 , 27.50 , 0 , 0 
100 , 44 , 27.50 , 0 , 0 
98 , 43 , 27.50 , 0 , 0 
99 , 44 , 27.50 , 0 , 0 
100 , 43 , 27.50 , 0 , 0 
99 , 43 , 27.50 , 0 , 0 
98 , 43 , 27.50 , 0 , 0 
100 , 44 , 27.50 , 0 , 0 
99 , 43 , 27.50 , 0 , 0 
99 , 43 , 27.50 , 0 , 0 
99 , 44 , 27.50 , 0 , 0 
99 , 43 , 27.50 , 0 , 0 
99 , 44 , 27.50 , 0 , 0 
100 , 44 , 27.50 , 0 , 0 
100 , 45 , 27.50 , 0 , 0 
100 , 43 , 27.50 , 0 , 0 
99 , 43 , 27.50 , 0 , 0 
98 , 43 , 27.50 , 0 , 0 
100 , 44 , 27.50 , 0 , 0 
99 , 42 , 27.50 , 0 , 0 
100 , 43 , 27.50 , 0 , 0 
100 , 43 , 27.50 , 0 , 0 
100 , 44 , 27.50 , 0 , 0 
99 , 43 , 27.50 , 0 , 0 
100 , 44 , 27.50 , 0 , 0 
100 , 43 , 27.50 , 0 , 0 
100 , 45 , 27.50 , 0 , 0 
100 , 43 , 27.50 , 0 , 0 
100 , 44 , 27.50 , 0 , 0 
100 , 43 , 27.50 , 0 , 0 
99 , 43 , 27.50 , 0 , 0 
100 , 44 , 27.50 , 0 , 0 
100 , 43 , 27.50 , 0 , 0 
100 , 44 , 27.50 , 0 , 0 
100 , 43 , 27.50 , 0 , 0 
98 , 43 , 27.50 , 0 , 0 
98 , 43 , 27.50 , 0 , 0 
100 , 43 , 27.50 , 0 , 0 
99 , 44 , 27.50 , 0 , 0 
98 , 44 , 27.50 , 0 , 0 
100 , 43 , 27.50 , 0 , 0 
99 , 44 , 27.50 , 0 , 0 
98 , 43 , 27.50 , 0 , 0 
99 , 43 , 27.50 , 0 , 0 
100 , 44 , 27.50 , 0 , 0 
100 , 43 , 27.50 , 0 , 0 
100 , 43 , 27.50 , 0 , 0 
100 , 43 , 27.50 , 0 , 0 
100 , 44 , 27.50 , 0 , 0 
99 , 43 , 27.50 , 0 , 0 
98 , 43 , 27.50 , 0 , 0 
100 , 43 , 27.50 , 0 , 0 
100 , 43 , 27.50 , 0 , 0 
100 , 44 , 27.50 , 0 , 0 
100 , 43 , 27.50 , 0 , 0 
100 , 43 , 27.50 , 0 , 0 
100 , 43 , 27.50 , 0 , 0 
100 , 43 , 27.50 , 0 , 0 
100 , 43 , 27.50 , 0 , 0 
98 , 43 , 27.50 , 0 , 0 
100 , 43 , 27.50 , 0 , 0 
100 , 43 , 27.50 , 0 , 0 
98 , 43 , 27.50 , 0 , 0 
99 , 43 , 27.50 , 0 , 0 
100 , 44 , 27.50 , 0 , 0 
100 , 43 , 27.50 , 0 , 0 
100 , 43 , 27.50 , 0 , 0 
100 , 43 , 27.50 , 0 , 0 
99 , 43 , 27.50 , 0 , 0 
100 , 43 , 27.50 , 0 , 0 
98 , 43 , 27.50 , 0 , 0 
98 , 43 , 27.50 , 0 , 0 
100 , 43 , 27.50 , 0 , 0 
99 , 43 , 27.50 , 0 , 0 
98 , 43 , 27.50 , 0 , 0 
100 , 44 , 27.50 , 0 , 0 
99 , 43 , 27.50 , 0 , 0 
98 , 43 , 27.50 , 0 , 0 
100 , 42 , 27.50 , 0 , 0 
99 , 43 , 27.50 , 0 , 0 
98 , 43 , 27.50 , 0 , 0 
100 , 43 , 27.50 , 0 , 0 
100 , 43 , 27.50 , 0 , 0 
98 , 43 , 27.50 , 0 , 0 
98 , 43 , 27.50 , 0 , 0 
100 , 43 , 27.50 , 0 , 0 
100 , 43 , 27.50 , 0 , 0 
99 , 43 , 27.50 , 0 , 0 
99 , 44 , 27.50 , 0 , 0 
99 , 44 , 27.50 , 0 , 0 
100 , 42 , 27.50 , 0 , 0 
100 , 42 , 27.50 , 0 , 0 
100 , 43 , 27.50 , 0 , 0 
99 , 43 , 27.50 , 0 , 0 
100 , 43 , 27.50 , 0 , 0 
99 , 43 , 27.50 , 0 , 0 
100 , 42 , 27.50 , 0 , 0 
98 , 43 , 27.50 , 0 , 0 
99 , 43 , 27.50 , 0 , 0 
99 , 43 , 27.50 , 0 , 0 
99 , 43 , 27.50 , 0 , 0 
98 , 43 , 27.50 , 0 , 0 
99 , 43 , 27.50 , 0 , 0 
99 , 43 , 27.50 , 0 , 0 
98 , 43 , 27.50 , 0 , 0 
98 , 43 , 27.50 , 0 , 0 
99 , 43 , 27.50 , 0 , 0 
99 , 43 , 27.50 , 0 , 0 
100 , 43 , 27.50 , 0 , 0 
99 , 43 , 27.50 , 0 , 0 
100 , 44 , 27.50 , 0 , 0 
99 , 43 , 27.50 , 0 , 0 
100 , 43 , 27.50 , 0 , 0 
99 , 43 , 27.50 , 0 , 0 
99 , 42 , 27.50 , 0 , 0 
100 , 43 , 27.50 , 0 , 0 
99 , 42 , 27.50 , 0 , 0 
98 , 42 , 27.50 , 0 , 0 
100 , 43 , 27.50 , 0 , 0 
100 , 43 , 27.50 , 0 , 0 
99 , 43 , 27.50 , 0 , 0 
98 , 43 , 27.50 , 0 , 0 
99 , 43 , 27.50 , 0 , 0 
100 , 43 , 27.50 , 0 , 0 
99 , 43 , 27.50 , 0 , 0 
100 , 43 , 27.50 , 0 , 0 
100 , 43 , 27.50 , 0 , 0 
99 , 43 , 27.50 , 0 , 0 
99 , 42 , 27.50 , 0 , 0 
98 , 43 , 27.50 , 0 , 0 
98 , 43 , 27.50 , 0 , 0 
98 , 43 , 27.50 , 0 , 0 
100 , 44 , 27.50 , 0 , 0 
99 , 43 , 27.50 , 0 , 0 
99 , 43 , 27.50 , 0 , 0 
98 , 43 , 27.50 , 0 , 0 
100 , 43 , 27.50 , 0 , 0 
99 , 42 , 27.50 , 0 , 0 
99 , 43 , 27.50 , 0 , 0 
100 , 42 , 27.50 , 0 , 0 
100 , 42 , 27.50 , 0 , 0 
99 , 42 , 27.50 , 0 , 0 
99 , 42 , 27.50 , 0 , 0 
99 , 42 , 27.50 , 0 , 0 
100 , 43 , 27.50 , 0 , 0 
100 , 42 , 27.50 , 0 , 0 
100 , 43 , 27.50 , 0 , 0 
99 , 42 , 27.50 , 0 , 0 
98 , 42 , 27.50 , 0 , 0 
100 , 43 , 27.50 , 0 , 0 
98 , 43 , 27.50 , 0 , 0 
98 , 43 , 27.50 , 0 , 0 
98 , 42 , 27.50 , 0 , 0 
100 , 43 , 27.50 , 0 , 0 
98 , 42 , 27.50 , 0 , 0 
99 , 42 , 27.50 , 0 , 0 
99 , 43 , 27.50 , 0 , 0 
100 , 43 , 27.50 , 0 , 0 
100 , 42 , 27.50 , 0 , 0 
100 , 43 , 27.50 , 0 , 0 
99 , 43 , 27.50 , 0 , 0 
99 , 43 , 27.50 , 0 , 0 
99 , 42 , 27.50 , 0 , 0 
100 , 43 , 27.50 , 0 , 0 
99 , 43 , 27.50 , 0 , 0 
99 , 42 , 27.50 , 0 , 0 
98 , 42 , 27.50 , 0 , 0 
99 , 43 , 27.50 , 0 , 0 
98 , 42 , 27.50 , 0 , 0 
100 , 43 , 27.50 , 0 , 0 
99 , 43 , 27.50 , 0 , 0 
100 , 43 , 27.50 , 0 , 0 
98 , 43 , 27.50 , 0 , 0 
100 , 42 , 27.50 , 0 , 0 
99 , 42 , 27.50 , 0 , 0 
98 , 42 , 27.50 , 0 , 0 
99 , 42 , 27.50 , 0 , 0 
100 , 43 , 27.50 , 0 , 0 
98 , 42 , 27.50 , 0 , 0 
98 , 43 , 27.50 , 0 , 0 
100 , 44 , 27.50 , 0 , 0 
100 , 43 , 27.50 , 0 , 0 
98 , 42 , 27.50 , 0 , 0 
100 , 43 , 27.50 , 0 , 0 
98 , 42 , 27.50 , 0 , 0 
99 , 43 , 27.50 , 0 , 0 
99 , 43 , 27.50 , 0 , 0 
98 , 43 , 27.50 , 0 , 0 
98 , 43 , 27.50 , 0 , 0 
100 , 43 , 27.50 , 0 , 0 
99 , 42 , 27.50 , 0 , 0 
98 , 43 , 27.50 , 0 , 0 
99 , 43 , 27.50 , 0 , 0 
100 , 42 , 27.50 , 0 , 0 
100 , 43 , 27.50 , 0 , 0 
98 , 42 , 27.50 , 0 , 0 
99 , 42 , 27.50 , 0 , 0 
100 , 42 , 27.50 , 0 , 0 
99 , 43 , 27.50 , 0 , 0 
99 , 42 , 27.50 , 0 , 0 
99 , 43 , 27.50 , 0 , 0 
99 , 42 , 27.50 , 0 , 0 
100 , 42 , 27.50 , 0 , 0 
98 , 43 , 27.50 , 0 , 0 
99 , 43 , 27.50 , 0 , 0 
100 , 42 , 27.50 , 0 , 0 
99 , 42 , 27.50 , 0 , 0 
100 , 42 , 27.50 , 0 , 0 
98 , 41 , 27.50 , 0 , 0 
100 , 42 , 27.50 , 0 , 0 
99 , 43 , 27.50 , 0 , 0 
100 , 43 , 27.50 , 0 , 0 
99 , 42 , 27.50 , 0 , 0 
99 , 42 , 27.50 , 0 , 0 
99 , 42 , 27.50 , 0 , 0 
99 , 43 , 27.50 , 0 , 0 
99 , 43 , 27.50 , 0 , 0 
99 , 42 , 27.50 , 0 , 0 
99 , 43 , 27.50 , 0 , 0 
99 , 43 , 27.50 , 0 , 0 
100 , 42 , 27.50 , 0 , 0 
100 , 42 , 27.50 , 0 , 0 
99 , 41 , 27.50 , 0 , 0 
99 , 43 , 27.50 , 0 , 0 
99 , 43 , 27.50 , 0 , 0 
100 , 43 , 27.50 , 0 , 0 
100 , 42 , 27.50 , 0 , 0 
99 , 42 , 27.50 , 0 , 0 
100 , 43 , 27.50 , 0 , 0 
99 , 42 , 27.50 , 0 , 0 
99 , 42 , 27.50 , 0 , 0 
98 , 42 , 27.50 , 0 , 0 
99 , 43 , 27.50 , 0 , 0 
100 , 43 , 27.50 , 0 , 0 
99 , 43 , 27.50 , 0 , 0 
98 , 42 , 27.50 , 0 , 0 
99 , 43 , 27.50 , 0 , 0 
99 , 43 , 27.50 , 0 , 0 
99 , 43 , 27.50 , 0 , 0 
98 , 43 , 27.50 , 0 , 0 
98 , 43 , 27.50 , 0 , 0 
100 , 42 , 27.50 , 0 , 0 
99 , 43 , 27.50 , 0 , 0 
100 , 43 , 27.50 , 0 , 0 
99 , 41 , 27.50 , 0 , 0 
100 , 43 , 27.50 , 0 , 0 
100 , 43 , 27.50 , 0 , 0 
98 , 44 , 27.50 , 0 , 0 
100 , 41 , 27.50 , 0 , 0 
100 , 42 , 27.50 , 0 , 0 
100 , 42 , 27.50 , 0 , 0 
98 , 44 , 27.50 , 0 , 0 
100 , 42 , 27.50 , 0 , 0 
100 , 44 , 27.50 , 0 , 0 
98 , 43 , 27.50 , 0 , 0 
99 , 42 , 27.50 , 0 , 0 
100 , 43 , 27.50 , 0 , 0 
98 , 43 , 27.50 , 0 , 0 
99 , 43 , 27.50 , 0 , 0 
100 , 42 , 27.50 , 0 , 0 
100 , 42 , 27.50 , 0 , 0 
100 , 42 , 27.50 , 0 , 0 
100 , 43 , 27.50 , 0 , 0 
100 , 43 , 27.50 , 0 , 0 
100 , 41 , 27.50 , 0 , 0 
99 , 42 , 27.50 , 0 , 0 
100 , 43 , 27.50 , 0 , 0 
100 , 43 , 27.50 , 0 , 0 
98 , 42 , 27.50 , 0 , 0 
100 , 42 , 27.50 , 0 , 0 
100 , 43 , 27.50 , 0 , 0 
100 , 42 , 27.50 , 0 , 0 
100 , 42 , 27.50 , 0 , 0 
99 , 43 , 27.50 , 0 , 0 
98 , 41 , 27.50 , 0 , 0 
99 , 43 , 27.50 , 0 , 0 
98 , 43 , 27.50 , 0 , 0 
100 , 43 , 27.50 , 0 , 0 
100 , 41 , 27.50 , 0 , 0 
100 , 41 , 27.50 , 0 , 0 
99 , 42 , 27.50 , 0 , 0 
98 , 42 , 27.50 , 0 , 0 
98 , 42 , 27.50 , 0 , 0 
98 , 42 , 27.50 , 0 , 0 
99 , 42 , 27.50 , 0 , 0 
99 , 42 , 27.50 , 0 , 0 
98 , 43 , 27.50 , 0 , 0 
100 , 42 , 27.50 , 0 , 0 
98 , 42 , 27.50 , 0 , 0 
100 , 42 , 27.50 , 0 , 0 
98 , 42 , 27.50 , 0 , 0 
99 , 42 , 27.50 , 0 , 0 
100 , 42 , 27.50 , 0 , 0 
100 , 42 , 27.50 , 0 , 0 
99 , 41 , 27.50 , 0 , 0 
100 , 42 , 27.50 , 0 , 0 
99 , 41 , 27.50 , 0 , 0 
98 , 41 , 27.50 , 0 , 0 
100 , 42 , 27.50 , 0 , 0 
100 , 41 , 27.50 , 0 , 0 
100 , 42 , 27.50 , 0 , 0 
99 , 42 , 27.50 , 0 , 0 
98 , 41 , 27.50 , 0 , 0 
99 , 41 , 27.50 , 0 , 0 
99 , 42 , 27.50 , 0 , 0 
98 , 41 , 27.50 , 0 , 0 
99 , 41 , 27.50 , 0 , 0 
100 , 42 , 27.50 , 0 , 0 
100 , 42 , 27.50 , 0 , 0 
99 , 41 , 27.50 , 0 , 0 
99 , 42 , 27.50 , 0 , 0 
99 , 42 , 27.50 , 0 , 0 
100 , 42 , 27.50 , 0 , 0 
100 , 42 , 27.50 , 0 , 0 
100 , 41 , 27.50 , 0 , 0 
100 , 43 , 27.50 , 0 , 0 
100 , 42 , 27.50 , 0 , 0 
99 , 42 , 27.50 , 0 , 0 
98 , 41 , 27.50 , 0 , 0 
99 , 41 , 27.50 , 0 , 0 
100 , 42 , 27.50 , 0 , 0 
100 , 42 , 27.50 , 0 , 0 
98 , 42 , 27.50 , 0 , 0 
100 , 41 , 27.50 , 0 , 0 
100 , 41 , 27.50 , 0 , 0 
99 , 42 , 27.50 , 0 , 0 
99 , 43 , 27.50 , 0 , 0 
100 , 42 , 27.50 , 0 , 0 
98 , 41 , 27.50 , 0 , 0 
99 , 40 , 27.50 , 0 , 0 
98 , 42 , 27.50 , 0 , 0 
99 , 41 , 27.50 , 0 , 0 
99 , 42 , 27.50 , 0 , 0 
100 , 42 , 27.50 , 0 , 0 
99 , 42 , 27.50 , 0 , 0 
100 , 42 , 27.50 , 0 , 0 
99 , 42 , 27.50 , 0 , 0 
100 , 41 , 27.50 , 0 , 0 
99 , 40 , 27.50 , 0 , 0 
99 , 43 , 27.50 , 0 , 0 
100 , 42 , 27.50 , 0 , 0 
99 , 42 , 27.50 , 0 , 0 
99 , 42 , 27.50 , 0 , 0 
99 , 42 , 27.50 , 0 , 0 
98 , 41 , 27.50 , 0 , 0 
98 , 41 , 27.50 , 0 , 0 
99 , 42 , 27.50 , 0 , 0 
99 , 42 , 27.50 , 0 , 0 
100 , 41 , 27.50 , 0 , 0 
98 , 42 , 27.50 , 0 , 0 
100 , 41 , 27.50 , 0 , 0 
100 , 42 , 27.50 , 0 , 0 
100 , 41 , 27.50 , 0 , 0 
99 , 42 , 27.50 , 0 , 0 
99 , 42 , 27.50 , 0 , 0 
100 , 41 , 27.50 , 0 , 0 
100 , 41 , 27.50 , 0 , 0 
98 , 41 , 27.50 , 0 , 0 
99 , 41 , 27.50 , 0 , 0 
99 , 41 , 27.50 , 0 , 0 
100 , 41 , 27.50 , 0 , 0 
100 , 41 , 27.50 , 0 , 0 
100 , 41 , 27.50 , 0 , 0 
99 , 42 , 27.50 , 0 , 0 
99 , 41 , 27.50 , 0 , 0 
99 , 42 , 27.50 , 0 , 0 
100 , 42 , 27.50 , 0 , 0 
99 , 41 , 27.50 , 0 , 0 
99 , 42 , 27.50 , 0 , 0 
100 , 42 , 27.50 , 0 , 0 
98 , 42 , 27.50 , 0 , 0 
99 , 42 , 27.50 , 0 , 0 
98 , 42 , 27.50 , 0 , 0 
99 , 42 , 27.50 , 0 , 0 
98 , 42 , 27.50 , 0 , 0 
99 , 42 , 27.50 , 0 , 0 
100 , 41 , 27.50 , 0 , 0 
99 , 42 , 27.50 , 0 , 0 
99 , 42 , 27.50 , 0 , 0 
98 , 42 , 27.50 , 0 , 0 
99 , 42 , 27.50 , 0 , 0 
100 , 42 , 27.50 , 0 , 0 
99 , 41 , 27.50 , 0 , 0 
100 , 41 , 27.50 , 0 , 0 
98 , 42 , 27.50 , 0 , 0 
99 , 42 , 27.50 , 0 , 0 
98 , 41 , 27.50 , 0 , 0 
100 , 42 , 27.50 , 0 , 0 
98 , 42 , 27.50 , 0 , 0 
99 , 41 , 27.50 , 0 , 0 
99 , 42 , 27.50 , 0 , 0 
99 , 41 , 27.50 , 0 , 0 
98 , 42 , 27.50 , 0 , 0 
98 , 41 , 27.50 , 0 , 0 
99 , 41 , 27.50 , 0 , 0 
99 , 42 , 27.50 , 0 , 0 
98 , 42 , 27.50 , 0 , 0 
99 , 40 , 27.50 , 0 , 0 
100 , 41 , 27.50 , 0 , 0 
99 , 40 , 27.50 , 0 , 0 
100 , 41 , 27.50 , 0 , 0 
99 , 41 , 27.50 , 0 , 0 
99 , 42 , 27.50 , 0 , 0 
98 , 41 , 27.50 , 0 , 0 
99 , 42 , 27.50 , 0 , 0 
100 , 41 , 27.50 , 0 , 0 
99 , 42 , 27.50 , 0 , 0 
100 , 42 , 27.50 , 0 , 0 
99 , 41 , 27.50 , 0 , 0 
98 , 41 , 27.50 , 0 , 0 
100 , 42 , 27.50 , 0 , 0 
100 , 41 , 27.50 , 0 , 0 
99 , 42 , 27.50 , 0 , 0 
99 , 41 , 27.50 , 0 , 0 
100 , 40 , 27.50 , 0 , 0 
98 , 40 , 27.50 , 0 , 0 
99 , 42 , 27.50 , 0 , 0 
99 , 41 , 27.50 , 0 , 0 
99 , 41 , 27.50 , 0 , 0 
100 , 41 , 27.50 , 0 , 0 
100 , 41 , 27.50 , 0 , 0 
99 , 42 , 27.50 , 0 , 0 
99 , 41 , 27.50 , 0 , 0 
100 , 41 , 27.50 , 0 , 0 
100 , 42 , 27.50 , 0 , 0 
100 , 41 , 27.50 , 0 , 0 
100 , 41 , 27.50 , 0 , 0 
98 , 41 , 27.50 , 0 , 0 
98 , 41 , 27.50 , 0 , 0 
99 , 40 , 27.50 , 0 , 0 
99 , 41 , 27.50 , 0 , 0 
100 , 41 , 27.50 , 0 , 0 
99 , 41 , 27.50 , 0 , 0 
98 , 42 , 27.50 , 0 , 0 
98 , 41 , 27.50 , 0 , 0 
99 , 42 , 27.50 , 0 , 0 
100 , 42 , 27.50 , 0 , 0 
98 , 40 , 27.50 , 0 , 16
99 , 41 , 27.50 , 0 , 0 
100 , 42 , 27.50 , 0 , 0 
99 , 41 , 27.50 , 0 , 0 
99 , 41 , 27.50 , 0 , 0 
100 , 42 , 27.50 , 0 , 0 
100 , 41 , 27.50 , 0 , 0 
99 , 42 , 27.50 , 0 , 0 
100 , 41 , 27.50 , 0 , 0 
100 , 42 , 27.50 , 0 , 0 
99 , 41 , 27.50 , 0 , 0 
99 , 42 , 27.50 , 0 , 0 
99 , 41 , 27.50 , 0 , 0 
99 , 42 , 27.50 , 0 , 0 
98 , 41 , 27.50 , 0 , 0 
98 , 41 , 27.50 , 0 , 0 
99 , 42 , 27.50 , 0 , 0 
100 , 40 , 27.50 , 0 , 0 
100 , 41 , 27.50 , 0 , 0 
98 , 40 , 27.50 , 0 , 0 
99 , 42 , 27.50 , 0 , 0 
99 , 42 , 27.50 , 0 , 0 
100 , 41 , 27.50 , 0 , 0 
100 , 41 , 27.50 , 0 , 0 
99 , 42 , 27.50 , 0 , 0 
98 , 41 , 27.50 , 0 , 0 
99 , 41 , 27.50 , 0 , 0 
99 , 41 , 27.50 , 0 , 0 
99 , 42 , 27.50 , 0 , 0 
98 , 41 , 27.50 , 0 , 0 
98 , 40 , 27.50 , 0 , 0 
99 , 41 , 27.50 , 0 , 0 
99 , 41 , 27.50 , 0 , 0 
100 , 42 , 27.50 , 0 , 0 
100 , 42 , 27.50 , 0 , 0 
98 , 41 , 27.50 , 0 , 0 
99 , 40 , 27.50 , 0 , 0 
99 , 42 , 27.50 , 0 , 0 
100 , 41 , 27.50 , 0 , 0 
100 , 41 , 27.50 , 0 , 0 
99 , 41 , 27.50 , 0 , 0 
99 , 42 , 27.50 , 0 , 0 
100 , 41 , 27.50 , 0 , 0 
100 , 42 , 27.50 , 0 , 0 
100 , 41 , 27.50 , 0 , 0 
99 , 41 , 27.50 , 0 , 0 
100 , 41 , 27.50 , 0 , 0 
99 , 42 , 27.50 , 0 , 0 
99 , 42 , 27.50 , 0 , 0 
100 , 41 , 27.50 , 0 , 0 
99 , 42 , 27.50 , 0 , 0 
100 , 41 , 27.50 , 0 , 0 
98 , 41 , 27.50 , 0 , 0 
100 , 41 , 27.50 , 0 , 0 
98 , 41 , 27.50 , 0 , 0 
100 , 41 , 27.50 , 0 , 0 
99 , 41 , 27.50 , 0 , 0 
99 , 42 , 27.50 , 0 , 0 
99 , 41 , 27.50 , 0 , 0 
99 , 41 , 27.50 , 0 , 0 
99 , 41 , 27.50 , 0 , 0 
99 , 40 , 27.50 , 0 , 0 
98 , 40 , 27.50 , 0 , 0 
99 , 41 , 27.50 , 0 , 0 
98 , 42 , 27.50 , 0 , 0 
99 , 41 , 27.50 , 0 , 0 
99 , 42 , 27.50 , 0 , 0 
100 , 41 , 27.50 , 0 , 0 
99 , 42 , 27.50 , 0 , 0 
99 , 42 , 27.50 , 0 , 0 
100 , 42 , 27.50 , 0 , 0 
99 , 41 , 27.50 , 0 , 0 
100 , 42 , 27.50 , 0 , 0 
100 , 42 , 27.50 , 0 , 0 
99 , 41 , 27.50 , 0 , 0 
100 , 41 , 27.50 , 0 , 0 
99 , 42 , 27.50 , 0 , 0 
99 , 41 , 27.50 , 0 , 0 
100 , 41 , 27.50 , 0 , 0 
99 , 40 , 27.50 , 0 , 0 
100 , 41 , 27.50 , 0 , 0 
99 , 41 , 27.50 , 0 , 0 
100 , 42 , 27.50 , 0 , 0 
99 , 41 , 27.50 , 0 , 0 
99 , 41 , 27.50 , 0 , 0 
100 , 41 , 27.50 , 0 , 0 
99 , 41 , 27.50 , 0 , 0 
99 , 41 , 27.50 , 0 , 0 
100 , 42 , 27.50 , 0 , 0 
99 , 42 , 27.50 , 0 , 0 
100 , 41 , 27.50 , 0 , 0 
99 , 42 , 27.50 , 0 , 0 
99 , 40 , 27.50 , 0 , 0 
100 , 42 , 27.50 , 0 , 0 
100 , 42 , 27.50 , 0 , 0 
99 , 42 , 27.50 , 0 , 0 
99 , 41 , 27.50 , 0 , 0 
99 , 41 , 27.50 , 0 , 0 
99 , 41 , 27.50 , 0 , 0 
98 , 41 , 27.50 , 0 , 0 
99 , 42 , 27.50 , 0 , 0 
99 , 41 , 27.50 , 0 , 0 
99 , 42 , 27.50 , 0 , 0 
100 , 41 , 27.50 , 0 , 0 
99 , 42 , 27.50 , 0 , 0 
98 , 40 , 27.50 , 0 , 0 
100 , 42 , 27.50 , 0 , 0 
98 , 41 , 27.50 , 0 , 0 
100 , 41 , 27.50 , 0 , 0 
100 , 42 , 27.50 , 0 , 0 
99 , 42 , 27.50 , 0 , 0 
98 , 41 , 27.50 , 0 , 0 
99 , 42 , 27.50 , 0 , 0 
99 , 42 , 27.50 , 0 , 0 
100 , 41 , 27.50 , 0 , 0 
98 , 41 , 27.50 , 0 , 0 
99 , 41 , 27.50 , 0 , 17
99 , 42 , 27.50 , 0 , 0 
100 , 41 , 27.50 , 0 , 0 
100 , 41 , 27.50 , 0 , 0 
99 , 42 , 27.50 , 0 , 0 
100 , 41 , 27.50 , 0 , 0 
98 , 41 , 27.50 , 0 , 0 
98 , 42 , 27.50 , 0 , 0 
100 , 42 , 27.50 , 0 , 0 
98 , 42 , 27.50 , 0 , 0 
99 , 42 , 27.50 , 0 , 0 
99 , 41 , 27.50 , 0 , 0 
100 , 41 , 27.50 , 0 , 0 
98 , 41 , 27.50 , 0 , 0 
99 , 42 , 27.50 , 0 , 0 
99 , 40 , 27.50 , 0 , 0 
100 , 42 , 27.50 , 0 , 0 
99 , 40 , 27.50 , 0 , 0 
98 , 41 , 27.50 , 0 , 0 
100 , 42 , 27.50 , 0 , 0 
99 , 41 , 27.50 , 0 , 0 
99 , 41 , 27.50 , 0 , 0 
99 , 42 , 27.50 , 0 , 0 
98 , 42 , 27.50 , 0 , 0 
100 , 42 , 27.50 , 0 , 0 
98 , 40 , 27.50 , 0 , 0 
100 , 41 , 27.50 , 0 , 0 
98 , 40 , 27.50 , 0 , 0 
100 , 41 , 27.50 , 0 , 0 
98 , 40 , 27.50 , 0 , 0 
99 , 42 , 27.50 , 0 , 0 
99 , 41 , 27.50 , 0 , 0 
100 , 40 , 27.50 , 0 , 0 
100 , 41 , 27.50 , 0 , 0 
99 , 41 , 27.50 , 0 , 0 
100 , 41 , 27.50 , 0 , 0 
100 , 41 , 27.50 , 0 , 0 
99 , 42 , 27.50 , 0 , 0 
99 , 41 , 27.50 , 0 , 0 
99 , 42 , 27.50 , 0 , 0 
99 , 41 , 27.50 , 0 , 0 
100 , 41 , 27.50 , 0 , 0 
99 , 42 , 27.50 , 0 , 0 
98 , 40 , 27.50 , 0 , 0 
100 , 42 , 27.50 , 0 , 0 
100 , 41 , 27.50 , 0 , 0 
100 , 42 , 27.50 , 0 , 0 
98 , 41 , 27.50 , 0 , 0 
100 , 41 , 27.50 , 0 , 0 
100 , 41 , 27.50 , 0 , 0 
100 , 42 , 27.50 , 0 , 0 
99 , 40 , 27.50 , 0 , 0 
100 , 42 , 27.50 , 0 , 0 
99 , 41 , 27.50 , 0 , 0 
98 , 40 , 27.50 , 0 , 0 
99 , 41 , 27.50 , 0 , 0 
99 , 41 , 27.50 , 0 , 0 
100 , 40 , 27.50 , 0 , 0 
100 , 41 , 27.50 , 0 , 0 
99 , 41 , 27.50 , 0 , 0 
98 , 41 , 27.50 , 0 , 0 
99 , 41 , 27.50 , 0 , 0 
100 , 40 , 27.50 , 0 , 0 
100 , 41 , 27.50 , 0 , 0 
100 , 41 , 27.50 , 0 , 0 
100 , 40 , 27.50 , 0 , 0 
100 , 42 , 27.50 , 0 , 0 
98 , 42 , 27.50 , 0 , 0 
100 , 41 , 27.50 , 0 , 0 
99 , 41 , 27.50 , 0 , 0 
98 , 41 , 27.50 , 0 , 0 
99 , 42 , 27.50 , 0 , 0 
99 , 41 , 27.50 , 0 , 0 
98 , 41 , 27.50 , 0 , 0 
99 , 41 , 27.50 , 0 , 0 
100 , 41 , 27.50 , 0 , 0 
100 , 41 , 27.50 , 0 , 0 
98 , 41 , 27.50 , 0 , 0 
99 , 42 , 27.50 , 0 , 0 
100 , 41 , 27.50 , 0 , 0 
100 , 40 , 27.50 , 0 , 0 
98 , 42 , 27.50 , 0 , 0 
99 , 41 , 27.50 , 0 , 0 
100 , 41 , 27.50 , 0 , 0 
99 , 41 , 27.50 , 0 , 0 
100 , 41 , 27.50 , 0 , 0 
98 , 41 , 27.50 , 0 , 0 
99 , 41 , 27.50 , 0 , 0 
98 , 41 , 27.50 , 0 , 0 
98 , 41 , 27.50 , 0 , 0 
100 , 42 , 27.50 , 0 , 0 
100 , 41 , 27.50 , 0 , 0 
100 , 41 , 27.50 , 0 , 0 
99 , 41 , 27.50 , 0 , 0 
99 , 41 , 27.50 , 0 , 0 
100 , 40 , 27.50 , 0 , 0 
100 , 40 , 27.50 , 0 , 0 
98 , 40 , 27.50 , 0 , 0 
100 , 40 , 27.50 , 0 , 0 
99 , 41 , 27.50 , 0 , 0 
99 , 39 , 27.50 , 0 , 0 
99 , 41 , 27.50 , 0 , 0 
100 , 41 , 27.50 , 0 , 0 
99 , 39 , 27.50 , 0 , 0 
100 , 41 , 27.50 , 0 , 0 
98 , 41 , 27.50 , 0 , 0 
100 , 42 , 27.50 , 0 , 0 
100 , 41 , 27.50 , 0 , 0 
100 , 40 , 27.50 , 1 , 0 
98 , 41 , 27.50 , 1 , 0 
100 , 39 , 27.50 , 1 , 0 
100 , 41 , 27.50 , 1 , 0 
98 , 51 , 27.50 , 0 , 0 
98 , 113 , 27.50 , 1 , 0 
99 , 91 , 27.50 , 0 , 0 
98 , 80 , 27.50 , 0 , 0 
99 , 73 , 27.50 , 0 , 0 
99 , 69 , 27.50 , 0 , 0 
100 , 66 , 27.50 , 0 , 0 
100 , 62 , 27.50 , 0 , 0 
100 , 60 , 27.50 , 0 , 0 
99 , 58 , 27.50 , 0 , 0 
99 , 57 , 27.50 , 0 , 0 
99 , 55 , 27.50 , 0 , 0 
99 , 54 , 27.50 , 0 , 0 
100 , 54 , 27.50 , 0 , 0 
98 , 52 , 27.50 , 0 , 0 
100 , 51 , 27.50 , 0 , 0 
100 , 49 , 27.50 , 0 , 0 
100 , 50 , 27.50 , 0 , 0 
100 , 49 , 27.50 , 0 , 0 
100 , 43 , 27.50 , 0 , 0 
100 , 42 , 27.50 , 0 , 0 
99 , 42 , 27.50 , 0 , 0 
99 , 41 , 27.50 , 0 , 0 
100 , 42 , 27.50 , 0 , 0 
100 , 42 , 27.50 , 0 , 0 
99 , 42 , 27.50 , 0 , 0 
100 , 42 , 27.50 , 0 , 0 
99 , 42 , 27.50 , 0 , 0 
100 , 41 , 27.50 , 0 , 0 
100 , 42 , 27.50 , 0 , 0 
99 , 42 , 27.50 , 0 , 0 
100 , 42 , 27.50 , 0 , 0 
100 , 42 , 27.50 , 0 , 0 
100 , 42 , 27.50 , 0 , 0 
99 , 43 , 27.50 , 0 , 0 
98 , 42 , 27.50 , 0 , 0 
100 , 42 , 27.50 , 0 , 0 
98 , 42 , 27.50 , 0 , 0 
98 , 41 , 27.50 , 0 , 0 
99 , 42 , 27.50 , 0 , 0 
100 , 42 , 27.50 , 0 , 0 
100 , 42 , 27.50 , 0 , 0 
100 , 42 , 27.50 , 0 , 0 
99 , 42 , 27.50 , 0 , 0 
100 , 42 , 27.50 , 0 , 0 
98 , 41 , 27.50 , 0 , 0 
98 , 41 , 27.50 , 0 , 0 
100 , 42 , 27.50 , 0 , 0 
99 , 42 , 27.50 , 0 , 0 
100 , 41 , 27.50 , 0 , 0 
100 , 41 , 27.50 , 0 , 0 
98 , 41 , 27.50 , 0 , 0 
100 , 41 , 27.50 , 0 , 0 
99 , 41 , 27.50 , 0 , 0 
98 , 41 , 27.50 , 0 , 0 
100 , 41 , 27.50 , 0 , 0 
100 , 41 , 27.50 , 0 , 0 
100 , 41 , 27.50 , 0 , 0 
100 , 42 , 27.50 , 0 , 0 
98 , 42 , 27.50 , 0 , 0 
100 , 41 , 27.50 , 0 , 0 
99 , 42 , 27.50 , 0 , 0 
99 , 41 , 27.50 , 0 , 0 
100 , 42 , 27.50 , 0 , 0 
100 , 41 , 27.50 , 0 , 0 
100 , 42 , 27.50 , 0 , 0 
99 , 40 , 27.50 , 0 , 0 
99 , 41 , 27.50 , 0 , 0 
98 , 41 , 27.50 , 0 , 0 
98 , 42 , 27.50 , 0 , 0 
99 , 42 , 27.50 , 0 , 0 
99 , 41 , 27.50 , 0 , 0 
99 , 41 , 27.50 , 0 , 0 
99 , 42 , 27.50 , 0 , 0 
99 , 41 , 27.50 , 0 , 0 
98 , 41 , 27.50 , 0 , 0 
98 , 41 , 27.50 , 0 , 0 
99 , 41 , 27.50 , 0 , 0 
100 , 42 , 27.50 , 0 , 0 
99 , 42 , 27.50 , 0 , 0 
98 , 42 , 27.50 , 0 , 0 
100 , 40 , 27.50 , 0 , 0 
99 , 42 , 27.50 , 0 , 0 
100 , 41 , 27.50 , 0 , 0 
100 , 41 , 27.50 , 0 , 0 
99 , 41 , 27.50 , 0 , 0 
100 , 41 , 27.50 , 0 , 0 
100 , 41 , 27.50 , 0 , 0 
99 , 41 , 27.50 , 0 , 0 
100 , 41 , 27.50 , 0 , 0 
99 , 41 , 27.50 , 0 , 0 
100 , 41 , 27.50 , 0 , 0 
98 , 41 , 27.50 , 0 , 0 
99 , 41 , 27.50 , 0 , 0 
99 , 42 , 27.50 , 0 , 0 
99 , 42 , 27.50 , 0 , 0 
99 , 41 , 27.50 , 0 , 0 
100 , 41 , 27.50 , 0 , 0 
100 , 41 , 27.50 , 0 , 0 
100 , 41 , 27.50 , 0 , 0 
98 , 41 , 27.50 , 0 , 0 
100 , 41 , 27.50 , 0 , 0 
100 , 42 , 27.50 , 0 , 0 
100 , 40 , 27.50 , 0 , 0 
99 , 41 , 27.50 , 0 , 0 
100 , 41 , 27.50 , 0 , 0 
100 , 41 , 27.50 , 0 , 0 
99 , 42 , 27.50 , 0 , 0 
98 , 41 , 27.50 , 0 , 0 
100 , 42 , 27.50 , 0 , 0 
98 , 41 , 27.50 , 0 , 0 
100 , 41 , 27.50 , 0 , 0 
100 , 42 , 27.50 , 0 , 0 
100 , 41 , 27.50 , 0 , 0 
99 , 40 , 27.50 , 0 , 0 
99 , 41 , 27.50 , 0 , 0 
99 , 43 , 27.50 , 0 , 0 
100 , 41 , 27.50 , 0 , 0 
98 , 41 , 27.50 , 0 , 0 
100 , 41 , 27.50 , 0 , 0 
99 , 42 , 27.50 , 0 , 0 
100 , 42 , 27.50 , 0 , 0 
100 , 41 , 27.50 , 0 , 0 
98 , 41 , 27.50 , 0 , 0 
99 , 42 , 27.50 , 0 , 0 
98 , 41 , 27.50 , 0 , 0 
100 , 41 , 27.50 , 0 , 0 
100 , 42 , 27.50 , 0 , 0 
100 , 41 , 27.50 , 0 , 0 
100 , 41 , 27.50 , 0 , 0 
99 , 41 , 27.50 , 0 , 0 
100 , 41 , 27.50 , 0 , 0 
99 , 42 , 27.50 , 0 , 0 
98 , 42 , 27.50 , 0 , 0 
100 , 41 , 27.50 , 0 , 0 
98 , 41 , 27.50 , 0 , 0 
99 , 40 , 27.50 , 0 , 0 
98 , 41 , 27.50 , 0 , 0 
100 , 41 , 27.50 , 0 , 0 
99 , 41 , 27.50 , 0 , 0 
99 , 42 , 27.50 , 0 , 0 
98 , 40 , 27.50 , 0 , 0 
99 , 41 , 27.50 , 0 , 0 
100 , 41 , 27.50 , 0 , 0 
100 , 41 , 27.50 , 0 , 0 
99 , 41 , 27.50 , 0 , 0 
98 , 41 , 27.50 , 0 , 0 
100 , 40 , 27.50 , 0 , 0 
98 , 40 , 27.50 , 0 , 0 
99 , 40 , 27.50 , 0 , 0 
99 , 41 , 27.50 , 0 , 0 
99 , 42 , 27.50 , 0 , 0 
100 , 41 , 27.50 , 0 , 0 
100 , 40 , 27.50 , 0 , 0 
100 , 41 , 27.50 , 0 , 0 
100 , 41 , 27.50 , 0 , 0 
98 , 41 , 27.50 , 0 , 0 
99 , 42 , 27.50 , 0 , 0 
100 , 41 , 27.50 , 0 , 0 
100 , 41 , 27.50 , 0 , 0 
99 , 41 , 27.50 , 0 , 0 
100 , 41 , 27.50 , 0 , 0 
98 , 41 , 27.50 , 0 , 0 
100 , 41 , 27.50 , 0 , 0 
99 , 40 , 27.50 , 0 , 0 
99 , 41 , 27.50 , 0 , 0 
99 , 41 , 27.50 , 0 , 0 
100 , 41 , 27.50 , 0 , 0 
100 , 41 , 27.50 , 0 , 0 
100 , 42 , 27.50 , 0 , 0 
99 , 41 , 27.50 , 0 , 0 
99 , 41 , 27.50 , 0 , 0 
100 , 41 , 27.50 , 0 , 0 
98 , 42 , 27.50 , 0 , 0 
98 , 41 , 27.50 , 0 , 0 
